"","barcode","Aerobic","Aerobic_SPEC","Anaerobic_Nit_Tet","Anaerobic_Nit_Tet_SPEC"
"1","CGTTCATTTTTTGAGTTGTCCACGTCTATGGTGAGGGTAACTTATGGTTTTGTGTGTGGGCTGGTAGGTACTCTAGATGTAGGTGCTATTGTGTGTGAGCTCGCGT",53611,20,53977,229
"2","TTTATGTGCGAGGCGCTGCTTATATTTGGCCTCGTCATGTCCTGGGCTTGTTTCGGGGGGCTCCGGAATGGTCATGGTCAGGCATAGTCATAAGTTTTCGGACCCT",12257,18630,10638,17542
"3","CGTATTTGTTGTTGAAAAATTTGGTCGACGTAGCCTGTTATAACGCGGCTTTTCTGTCGCGCTCGGACCGCCAATTGAGGATGTGTGTTAACTCGCTGATCGCACT",16667,5827,16131,5109
"4","CTGAATAATTCGTTTTGGACATAGAGGTCCGTGTGGGCGGCAAGTCGCGCGGGACCGTTGCATCGAATCTATGCTGCTGTAGACTAGGCTTCATGGCGTACCCAAC",5306,12461,5320,9209
"5","TGTTAGTTTTGCATACGTACTGCCTTGGCTGAGGTAAACGTGAGTTGCGTTGGGATATACTCTTGGCCACGCTCCTATGGTAGCGATAGGTTTACCGAACGAAATC",3231,7073,3036,5791
"6","TGCATGAAGGCCAATTGGTTGGTGCATCAAGTGTTGAATTGACTGTGAGTTATTAATTAACTTATCTTTATTGACAGTATTTATTTGTGGTATGTGTCGTATCTGT",2985,6583,2922,6191
"7","TACGCGGGGTATCGGTTTACCTTGGTGTGGCGGCTGAGTGGGGAAATGCAATTAGGTTGTTCGGGGACTGGGGGGGCCTCCACTTTTTTACTAGGCTCGGGCGGGG",2758,5850,2514,4998
"8","CGTATTTACCGCCCCCTTTGCATCCTTGGGATGTCTAAAATATAGTAAAAACGTCTGTATGGAGTTCTCTTTTTTAGTCTATTTAACTTGCCAGGTGTTCTCGGGC",2377,6457,2835,3983
"9","TCTATTGGTCTACTCTGCTTTTTCTAGTGGGGACCGTTTATGTTCCACCCTTTCTAATTAACGTGGCTACTCTAATATTCGTTATTGACGTGTGTTGTTCCATTTT",2860,5118,2528,4990
"10","TTGTTCTAGAAGTTTCGTCGCTGGGCGCACGTGTGATATTGACACAGATAGAAGCCTTAACTCTGGGCATAGGAGACACAGTATCTCTCAACCTGGATGGTTATTT",7700,154,7080,419
"11","TTGCACCTTTTAGGTTAGGAGGAGGGGAGTACTATTGTTATCCACTATAGTGATAAGTTGTGTTAAATGTTAAGTGCGTGAGTTTATTGTGTTTTGGCAAACGAGT",2380,4395,2217,4191
"12","TCCAGGTGTGTGTCGACTTTAGGATTTCTACAATTTAGACATTGCAATCTTTGCTGGAATTTGTGGAAGAAGTTCGTGACGTGGGTGCGTGTGTTCCGTATCTTTA",6013,775,5703,619
"13","TTTCGGTCTTCTATATGAATTAGGTAGAGGTTTTGGTCTCTAAATACTAAGATATTAGTTAGTGACGCGTTCTTGGCCCCTAACGCAATTAAGTGAGGGGGGTTTT",1748,3964,1781,4111
"14","GTTTTGTGCCTACCTAGTACCGCGGTATTGAGTCTGACGGTTCCGCGGAGTAAGTCTAGGGTGTGTATTTTTCAGTGAGATTTAAGTGCACTAGGTCGATCTTGAA",2470,3553,2121,3393
"15","TGATATCGGGAATGCGGCCTTAGACTCTTACTATGGTCTTGTTTACTAATTTTGGGTATCCGCAAGGGGTATGTGCGTTCACATTTGTGTGTCCCTGTCTTTAAAT",4499,166,4249,162
"16","TCGTTCACCGAGGAAGGGGTTGCATTCATCGTGATTACTGGTGTGGTCGGTCTATCGAGGTAGGTTTCCTAATGAAGTGTGGATACGGGAGGGTGGATCGTCAGGG",1310,2802,1493,2606
"17","TTCTATTGGGTGGGGTATATGATCTGTATTGATGTCGAGATGTATTGTACACATTGGTTGTCATTTCCTCTGAGGGACGGAGTCATATTAGGAGATTGTGCGTTGT",2039,0,1959,4093
"18","CTTAGATGTAGGGTAGGAGCATGTGTAGCCGGCCTAGGTGTAGATCTTGATTAAATAACCTCGATTGGTTTGTATGTTGGGTGTGTTCAGATCGGGGAATGACCAT",1935,0,1830,3850
"19","ATTTCTGCTCACATTTGCACCGAGGATCCAGCAGTGTTGTGAACTTCTAGTTTTCCATATGATTAAGGCATACAACCTTTCAATGGAGAATGTGGGCTAGTCGTAT",2164,1870,2062,1516
"20","ATCTGGTAACATTACGTATAGGCTACTATGGACTGGTGCAATTACATTGACCGAGTAAGGTGACTGTTGGCCTAGTGTATCTTTTTTTTTGGTCAGCGCGGATTTC",3018,596,2870,624
"21","CACCAGAACGATCTGCAGTTTAGTTCTATTGAGGAGTGTGGGAAAGTTCGCACGGGAACGTAACATCTAGCTCAGATCGTTGAGAGCGATACATTCATGTATAGTG",1319,2362,1118,2285
"22","GAGCGCTCTCAAGTCTAGTTCATTGAAAGCCGTGACTTCGTTATTCGCGGGACCTGTCGCCTATTGTTTAGTAGTACGTCGTGCGGTCATGAAGTAACCCGTTGTC",1743,1867,1416,1979
"23","CCTCCTGTTTCAAGTCTTATGTTTGCTTACTAGAGTCTTTAGAGCTTTTTGTGTTTGTGGCGGTAGTGAGTTGGAATCGGCGAAGAAAGTGGGGTTTCTGAAGTCA",1113,2104,1044,1992
"24","GTTGCGACCTTCAAGGGTATATTCGTGACTGACAATTATTGCTAGCCGGGCCCGGGAGGTCCGCAAAATCATGCAGTCGGGTTTTTTGACTTGGGTCTATGCCTAC",994,1990,946,2041
"25","CTGGCGGATGATGGTTCTTCTCTCTTAGTTGATCACTGAGAATTTCTATGTATGGGGCAGGCGTTTAGTCACGTGTTCTGTTTTGCTCTGTTTCGTCTACGAACTT",898,1974,840,1850
"26","AAATACATTCTAGTTCGATTATTTCTTTCATGTTGTAGTTTTATGAGTGATCCTTCCAAAGGCTTATGGGATCTCTACACACTTAGTTTGTATATTGTGGGTTAGC",827,1863,841,1938
"27","GTGAGTCTGTTAATAATCTACATATTCAGGAGTTCCGGACGTTTTTAGAGTTCAAATTGGGTTGTCTCTTCTGTTGAATCGTATGTGAGCTCCTATGTGGTGTCTT",1115,1450,1053,1605
"28","TTCGGTATCTCGTCACCTCCTTTGGTATTGGGTGTGATTTCAATGGTTCCGCACTAACGAATTTTGTATGCGGGTTGGTCAGGGTGTAGGTGTTGGCCAGTACGAT",1248,1211,1133,1296
"29","TACGAAGTGTCAGGGGTCTTATAATTTTTCGCGTCAGTAGGAGGTAAAATCTTTGGGTACTAGGTGTGGAAAGGGACTTTCCGTAACCTTTGATTATGTGGAGGCT",1932,379,2008,537
"30","TTGTCGTAGACGATGACTATCAGTCGTAGTGTAACGATCGTTCGCATGAATAGTATTTAATGGTTAGGGTGGTGGTGGCTTCAGGATCTAGTTTTATGCATAAGTG",1015,1072,1124,1479
"31","GTTCGTTTGATCTTAGTACGTAATATCTGTATTATTGCTCTATTCTTTATTTAGCCTCTGGAGACTGTTTTTTTTACGGGCAAAAAGTAATCTTCGTATAGACATT",714,1569,689,1706
"32","GTTTGTATACATTCACGCGTTCCCGCTATTTGTTATAATGTGCATTGTAACTGCTTGAGAGTGTAGGAGCCATGACGTAGGTTGTTTTGCCGGTATTGCCTGTGAC",959,1814,940,949
"33","TGGACATCAGGTCAAGTTTGCGTATACAGTATTGGGGTTTATTTCGGAGATATGGTGCTGGATCCACCCTGAGTATGTCGTTGTGTGATGAGTGTCCCGTCTTGAG",2239,116,2095,78
"34","GTGGGTGCGTAATGTTGGTCTTATTCGTTCTAAGTGGTAGCTTTCTTTCGGTGAGCGACGGTTATTATTCAGGTGTTATTATGGTTTTCAGATCGAGGGCGAGTGC",762,1550,781,1370
"35","TAACTTGCGCTTGCTTACAGGGATGTTTGTCAAGGCTCTGCGTCACTGCCGTTTGTCGGCCGACGACGTTCTTGGCGCTTAGTCGTCTGGGTTGCGTATGCTTGGG",1050,1257,868,1200
"36","TGGTAGGAAATCCGTGAGAGCTGTTGTGCTTGCGGTTAGCGCTATATTCTTTCGTGACCTTGGGGTATGGGGTAGAAGTGGTTGGTAGAAGTGATAATAACGTGTT",682,1476,692,1443
"37","TCAGTAAGTATAGGTAGTTAGTAGGCCGATCGGTCAGGCACCACGTTTAGCGAGTAGTATTTAGATGGTGATCCTTGGGTCAGAAGACATATGAGGTGTGTGGTGA",723,1417,718,1402
"38","ATGTGTCTTCCTTTCTTATGAAGTCGCAACTGAGGCGTTATGTGTGATGGCAGGGTCGGCGAGTCACCTCAATATCGTATCCTTTTGGGTTGAAGTAATTGTTCGT",1026,1122,921,1174
"39","ACAAAGTTGTGTGGATAAGTTTGTTGCTTTATTTAGTTCGTTAGAGGATATTGGGTGTGTAGTAAACGATAGCGTAGCACGTGCGGGCGTGTGAGGCTACTGTTAG",1329,708,1210,995
"40","GACACTTAGTTGGAACTTGTTATGGGGGTAGCGGAAGGGGCTGAACCCGTTGGAGAGCATCTGGGTGAGGGCATATGTTAGGTGTACGAGGGAGGAGTATGGGCGG",939,1170,856,1266
"41","CACGATGGTGTGTGTCTATTTTGTGCACGTTTGGGTTGTTTGTGGGGACAGTACGAGTTCTACCGGCCCAGAAGATATGTTGAAATCGTGTGGGAGCTTATTATGA",618,1671,649,1260
"42","CTCCGCCTGACATCGGGGCTGGAGCGGTACGCAAGCAAGGGCAAAGACATGCAGCTCGGCGCTGTGCTGGTAGGTAGGGCACGGGGTGGGGTCTCGTCGCGAAGGC",1691,0,1559,897
"43","CAACACAGTTTATGACGTATCGTGCATAAGGAACTAGCAGATTCAAAGGGGGAACGTTTTTTAGATGGGGTGTGACGCGCCCAGGTTTTAGTGCAACTTCGGATTT",611,1466,673,1343
"44","GGGTCAATATTAACGCGCTGCACGGAATAACGTTGTGGCGCAGAGGGGTTTTTGTTCGGAAGGTGTACAGGGCGGGCTTGGGTTGGAGGGAGAGTTAAGGTTAAGG",809,1317,662,1217
"45","TGCTGCGATGTCCATACAAATGTGCAGCTGGAGCAGGTAATTGGGCTATGAGTAGTCATAGGTTTTTCTCTTTTGATCACCCAGGTTTATCCCGTTTGGCATCATT",718,1374,750,1152
"46","TTCTCTTCGCTCTTTGAGTGGTAGTTTAGCTTAACGTGATAAATAACTATTGAATATAGTGAGTGCGGTCTATTCGTAGCATGTATCTTTTGTTGTTGGTTGCACG",733,1177,700,1347
"47","AGTCCGATGTCTCTAACAGGTTTCGCTAAAGTGACACACATCGTACATATCCCATCGTTATATTATACGGTTTCAGCGAGATGTTGTAGTCGCAAGGTGTGTTCGT",673,1435,611,1192
"48","ATGGTAGGGGGTTAGATTATGTCCTAGTTAGTCCCCTAACGGGTTGGCATTCCGCTATAAGTTATATGCGTTAAGAAGGCGGGATATACTCTTATCGAAACTCGTT",640,1198,657,1400
"49","GATCCCTAACTATTACCGTCCGTTTTATCCATCGAGTGCGGCCGGAGTATAAATTTACCATAATGGTCAAACGCCAGGCTCCAGACCCTTTGGGCTTTGGATCCTG",630,1240,644,1098
"50","GGTTGATTTGGTGCGGTCATGTCTAATTGTGTTGCGGTGTTTGGTCCATATCAGGCATGTGCCTACTGTGGCGATGTCACGGGTGTGTTTCGAATGTCGAGTGGTT",876,1084,1016,635
"51","GTGTCGTATTAGATGGGTAGGACTTCTGGTTGAGGGGGTAGCTAGGGGTTGATCAGATTGTGCTTATTATTTAAAATGGCTAGTTAGTTTGTTGCCCTGTGAGATA",666,1157,679,1066
"52","GTGGCGTTGAAGTGCGCTTTCTCTGAGGGAGATTGGGGTCCGTGAAGGTGTAGGTAGGACCTGTTTAGCTCGTTTGACTAGTAAAACGTTGTATGCAGTTGGGTGG",805,856,621,753
"53","ACTGTAGGATGGGCGGGGGATTTCGGGTAAAGTGGTTTGCTAAGCTGGGTGTCGTATCGTGTAGGAACGCTACGGCGCTCGGTCGTTCCATAGGCTGGACTGGGCT",703,771,600,884
"54","AACCTCCGTTAACGCACGCTATTTATGTATGCGATTACGTGCTGTGTTGGACATCCCAGGGCTCATTTAAATCTGTTTGTTCTGAGGGAAGTGTACTGCACGCGTG",647,917,523,835
"55","TCGGGGTTTGTGACGCGTTTGAATTGTCGAGACATTTTGGTTTGGTGCTGACCTAACTGACCTAATAGGGCTTTGATCTTCGCGTTTTAAGGTGACTGTGTCTCGT",795,0,888,1204
"56","TCGATCGATTGGAGCTTTGTTGTGCCAGTCAGGTTGTGTTGGCATAACTGACTGTTCTGCTTGACCAGAGGCTCCTTGGTAGCTTTTCTTTCTGGTTAGTCCTCAT",742,664,549,790
"57","CTCCAACTTGGTATGATCAGATACTACTTGTTGGGTAATTGGTTTGGCCGATGACGTCATGTGTAGTGCGTCGGTGGAGTGGCATGCTACTTCGGTTAGTAACGTG",1411,0,1308,0
"58","TTTGTCTTTGTCCAATTTACATGATATCGTACTAGTTTCGTCAACATGCCATATGGTAGTTTTAGGTAGCTGTCTTGAAGCGTGTGGGTGTCATTTAATTTGTCAC",534,757,484,883
"59","CTGCGAAGGCTCTAGGCATAGGACGAGGCCTGTGTCTGCGTGTCTACCGGGTTGGAGTGAACGCGGTCCTATGTTGCCATCTGGGGGTCAAATGCTGGCGTTGGTT",1324,0,1295,2
"60","CTCGATTGTGGAGCGAACTTCGGGAATTCCTCGCTGGGTGGTGACAAATTCGTCTTGGGTTCGGGGTGGTAGGGGTCACAGTTGGTTGTGAACTGGACGGTCGTAG",426,902,371,919
"61","CGCTAGTGCTGTTCCATAAGGTTGTATTTAAGAATGTGTAATCGTGTGGTAAATTTACTTAAGGATGTGTATCTAGCTTCTCTCGTGCCTGTCCAAGGCGATGCTG",581,770,575,635
"62","CATGGGTGGGTTGCAGTACTTTTCTGGCCAGCAATACGTACCAAAATGAATGTTGTGTTGTGATTCGGGTCCGCGCTCACGAGAGGGATTAGTATGGGTGGGCATG",567,754,503,724
"63","GCTAGATGATGCCAACTAAATGGGGAGGAATACGACAAAACGCAATGTAAGTCTATTGCGTTCGGGTGGACGTTCCGAACAGGTACCAAAATAGGTGGCCTATCGC",471,767,463,847
"64","GAATTTTCACCCTCCGGCATTGTGTCGGGTAGCCATGGAGTTACGTCTTCATGGCAGTGCTAGAGGTGTGAAGGTACAGGATCCAAGTTAGGAGGGGATGGGGACT",461,839,399,846
"65","GGAGGTTGCTACATTTTTGTCGCTTATGTGTTGATCGTCTCATTGCTAAAGTTGCTTTTGCAAGATACTTCGAGCCTGGCTTTCTGACAGGCGTGATGATGTGGCG",1310,0,1233,0
"66","TACTGTGCTTTGATGTCTCCTTGGCAAGTTCACTTGGGTTGATTCCCCGTGAATCGTTGCTCGGAGGTTTTGTGGAGTTGTTTCCGGCTAGCATTTGTGGTGGGCG",481,696,441,806
"67","GATGCTAGCTGGAGTATTATGGGAGCGGAAGTGTCCGTGGATACTTAGCTATCTTTCCTTGATAATTATTAAATTGATTTAGATATGGCAGACCTTGGTGTACTGG",483,671,502,655
"68","TTAGTATGCAGAATCCATTCAGATGCTTTGTTATTCGTCGTTTTCGTGTGGGATGACGGCTAGGGGATTTTCTTATAATCGGAGGTTGACTGTTGGATTGGTAAAT",1167,0,1143,0
"69","TTAGGTTGATGAGCGGTTTTTGTGTGTTGGAGTACTACTATTTGTTTTCGTGGATAGTGGGTTTTGGCTTGTCTGTGGAGGTTGGTCTGGGTTTCAGCAAGTCGAT",502,674,440,683
"70","CTTGGGGTGTCCGGGTGTGTAGTTATGTATAATACGAAGTTCACAGAATATTGGTCATTTGTCCATCCTCCTTCCAGTATAGCCCCATCGCCGGGTCTAGGGGGAA",1135,48,1066,47
"71","GGTATTTGGTTCTACAGTCTGTATTCGAGATTTTGGCCTTGGTTGTACCTCGTCTTTTCCCGTTCATGTATGGTATACTAGTTTGGTTCGGCACCTGCTTACGGTT",434,657,397,712
"72","CCATGGGGTCATAAGTCTTGCTATAGCGTGTTGATGCTGTTAGTCTGGTGTCTTGTTCCAATGCAATTGTATACTGATACCTCGTGTGTCGTAGGTTGACTTTGGA",1197,0,980,0
"73","CGCCTGTGCGAAGGGGAAGGTGTGAATCAAACCTGGAATGTAGCGAGTGGGAGGTTGTACGGCCTTAATAACGGGCGTAAGAGGTGCGCGCCCGTCATTTCTTGAG",1128,0,1013,0
"74","CAGGAGGTTGAACGCTTGATTAGTGATCGTATCGTCGTGGGTGTGGGGTTTCACGCTTAAAGGGCGGGTGTGGTTGGCGCTGTTTCTGCAGCGGGATGGGGGCCGA",998,107,879,151
"75","TTTTTACTCCGCTGGTTGATTCAAAACCTACAGGATCTGTTGATCGTGGAGTCATTAGGTGTGTTGATATCCTTTCTAGGTGTCATACGAGTTGTGTTACTTATCC",971,0,1150,0
"76","TTGCTGTTCGTTATAGATAAGGGGAGTAAAGTTCGCAGTATTGCGGGTCAATCGTTTTAAAATCGAAGTACCTGGCAAGGTGAAACACATATGCTTAACTGCGTTG",449,629,434,605
"77","CGGTCTCCTTTTGGAACATGACTTAGTGAGGTAGTATTCTCAATTTGTACCTGTACGGACCCACTAAGGGAAAAATTCCGATTTAATTTGGAGATTGCAGTCTTAC",334,700,346,737
"78","GGGATGTGTGTTAAGTAGTGAGTAGTTGTTTAACTGATGTCGGGTCGAGTTTTCCAGTGGTCTCACGGGATAGGCTTGTATTGAGCGTGGGGTCTTGCACACATAC",715,153,624,543
"79","CGACATGCTCTTGGCGATTTGTTCTAACCATATGTAGTCGGTATCCCGTTGCTGTAGTTGATTTCATTCACTTGACTTGGTCTTAGACTTTGTGATTATGATGCGA",751,0,722,553
"80","TGTATTTGAAGTCTGGCTAGATACGCGTTCTTATTTTCGTCCGGTTGATATTTTCACTGTGATGGGCTTGTGTAGATAATTACTGGAGGATTGTTTCGTGTGCCTA",592,24,619,780
"81","ACGTCTTTGGCCTTTGGATTTAATAGATGTCAAAAGTGTTGATGTACATAATGGTGAGCACGAGGCTTATACGGGACGTTCACTTCCGACTACTTTGCATGATGCG",1019,0,916,3
"82","CGTTGAGTTTGCATTGCAGATTATGGTGTGTTGTGTGCGCAGTCAGGGAGTATGGCTATCAGATTATAAAGGATGGTCTATGTAGGGGAGTATCTCGAGCTTCCTG",1011,0,856,2
"83","ACAAATTTTAGTCAAGGATCTTTAAATCTGTCAGCTTATATGTGGCTATAGGTTAGGTTCGTTTTAGCGGTTCTTATGTTAGTTGGATCCTTGCTTTCATTGGGGT",341,574,326,619
"84","CGAGACATTCTTTAGGGACTTCTGAATATTGGGCCTCAGGTCCGGTCTCACAGGGAGGTGGAAGTTGATCTACATGGTATATGTGTCTATTTAGACCGTGCGGCCT",377,618,320,531
"85","TCTACTTATGTAATGGACTCCTCCGAAGGGAGGCGAGCAACATCTCATACTTACAGGGAGTGTGGGGATGCGCGTGGCTCAGCAATTTGGTAAATTGGAAAGGATA",393,543,314,595
"86","GTGTGTATCGATGTGGAGTAATGAGCTTTTGGGAAATCCAAACATAAGCACCCCAAACAGCTATTGTTATATTTTTAAGCGAGATGTCAGCTACACTCTGCGTGTC",510,0,568,759
"87","TTGTATTCCTTCTTTCATGCGTTTAATTGACGTTACGGGAGATGATGTATGTTGTGTCATTTGAGAAGCTGGGGTAGATTGGTGAGGCCTGATAGTCCTCTGCGGG",889,0,935,0
"88","TCTCCTACATGGTTTTGAAGTTAGACCATGTCACTTTATCCAATCCGGTAGAGGATTGAAGACAACAGTGGGTATTTAGTTGTCTATGGGGGGGCTTGTAGGTATC",286,558,355,592
"89","GATACTTACGTACTACTGGCGGTAATTAAAGATTACTACTGGCACGGTGTTTGGCTCAGCGTTTCTCCTGCGCTGAAAGTGATTTGCTCGTGAAGGAGGTGGCGGG",924,73,754,39
"90","CAAGTTTGGGTTTTTAGAGGAGTTACGGAGGGCAACCAGTGTAAATGTGAGATGTTTGGTCTGATTCGAAGTTTCTTTGATAGTGCCAGTTACTTGGTGTGCTGCG",360,562,342,507
"91","TTTGTGTTAATAGTTATACGCTGCTCCTTCGTTTCAGATCCGGTTAAAAGTAAACCGTTGTACAACGGTGGTTGGTATTCAGGTGGGAGGCGGTTGGCGGCTTTTT",317,628,304,481
"92","TTAAACGTTTCTTGATGATTTGTCTTGTATAGAGTTCTGTATTACATCCTTGTGGGGGTTAATGACTTTACAGATATGCACTTTTCTTGACTTGGCTGTGACACGA",311,541,265,601
"93","AAGGGAAATCATAGGGCCTTGGCGGTTTGGGACAGTTTGTTGTGTAGAGTGCAATTGGTTGCGGCATCCTCTTGTTACCAGTGGGGTACTGCTAATTTGGTGTGTA",870,17,793,13
"94","TACTAGAAAGTAGCCATTCTATATAAGCGGGATAGATAATTGGTAAGTTACTGAGGTCACTGGAGATTTCGTGTGTTAAAGTCAGTGGGTAATGGAATCGAACGTA",316,511,312,543
"95","ATTGATCTGTCAAATGTCCCGGTTACCGGACTTTTTCATGGGTGGTTGTGGCGTGGTTATCTGGATGGCCTAGGCTTCGAAGCTACTAGGAGGCTTGACGTGTTGA",349,517,307,507
"96","CTCACAGACCGATTCACGCGTGGGTCGTATTCCATCCCTTACTCCCGCTTATGCTGAAGACTGGGGGTGGCGTCGACGTAATTGGAGTACGGTAGATTGGTGGGGT",834,3,814,15
"97","AGTTTGCTGGCCATTCAACTGCTTTGGTGTTTCGGGAATACTGCGGTCTGTGGGGATGGGGTTTAGGCTCGTCATATTGGGGGCGGTGGTGGGTTTGTTGTGGTCT",857,0,808,0
"98","TGGTAGGGGGGAGCTTTTGTTCGGTGTGTTAAGTAATGATTTACTGTAAAGGTGTGATCTAAAAGGATGTATGTTGCTTGCTCTTGTCTTGACAGGTAAACGTAGG",384,620,382,275
"99","GCTTGTCGCGAGACAACTTACGGTAGGTTATGGAGTTTTCTAGGCGTTAGTCGTGTGAGTGGGGTGGCTTCCTCGCTTCTGAGTGGCTGGCTGATGTTTGCATAAG",272,549,309,530
"100","ATCTGCATCAAGGGTGTCGAGTGGGAATGGTAGCAGATCCGGCTTACTGGGGGGCACTACGGGTAGATTGAATAGATTTACATCGCTGGATCAAGGATAGGGTGTG",896,0,742,2
"101","TTTGCATAATAGTCGTGTCTGATTTCTTGGAGGTAAAGTGTTACTCTTTGGCGGTGGACTGGAATGCAGCGAATCGAGGGTGTATGGTTCAACTGAATGGTTTGTC",424,421,374,385
"102","GCGTTAATGGGTCTGTTGCCTAATTCTTGTTGCTATCTAAAGAAGTGGTTTATCCACTTAAGTCGTCTGTGGATTCTTAGGAGGGGTAGGGTGCGGCCTGAGCATA",306,506,298,483
"103","TGGTCAGCTTGTTTCCTTGGTATATTCGTGCGTTCGGTTCTCGTTCTGCCTGAATGGGTAAAGCCTAAGGGAGATAACAGTGTCTTTATGTGGCCGAATCAGTATT",308,485,263,510
"104","TCGGTGCTTGCTGGCTTCGTCGACATACTTCAACCATGTGTAAATTGTCGGTGTGCTCTTTACTCCTCTTATGCTCGGTCATTCAGTCCAACGATAATTGGGGTGT",808,0,751,0
"105","AATTCGACTAGGCGGATATTTAAGGGTGATATTACTGAACCCACATTAGTTGTCTACTAGTAAGGTTATTTTTTCTTTATGGACAGCGAGGTTACGTCCGGTGGAG",230,579,235,510
"106","TGGTCTCTTGGGAGTCTGTGGGGAGTGATATGTGTGCCGATATGAGGTAGGGTTCGCAGCGGTCTGTTTAGGGGTGAAAGTGTTTCCCGTATAGTACTGGAGTGGT",742,98,641,69
"107","ATTAGTCGATGTTCTCCTAATTACGGTTTGGGTTTGTTCGGTCGAAGTAGATTAATTCGTGACACGGTTCTTTATGGTTGCCTGTCCTTGGACAGGGGGGGCAGAA",331,424,332,460
"108","ATCGTGGTCTCAGATGACCAGGCAGCCATTGTTGTCCGTTGATAACATTCTAATGGCTTGGGCACGGGTTGTTGTAGATACAAGAAGGTAGTGTGGACGTTGTGGG",286,548,231,449
"109","ACAGCTTGTTATCTAAACATCTATGAGTTCTTTGGGTACCGGAGTTTGTGTTAATGCTTGACATGTAGTTACAGTGTCGACCTCACGATTAGCCTTTTACTGTTTT",458,197,515,328
"110","TGATTTGATCTCTTCTGTTTTCTAAGAGCCAGCTGTTTGAGACCCCCGCGAATCTGGAATTCGGTTAAAGTCTCGGATGGTTTGGTGAAGTTACTCTCGGATCTGT",548,0,542,402
"111","ATGGTCCTGAGCGGCGGGGCTATTCCTGGATTGTTTATTCTATATGACGAATGGGACTTTTCAAACTTCTTTCAGGATTCTTTGCTCATATTTAAATTGTGCTCCC",247,480,225,525
"112","TTTAAATTGGTTTCGTTGGCATTCCTATGGGGGACTCAACGCCCTCTACGTAGGTGCCCTACTCGCAGTTCGCTGTTGGTCTATGCCATCTTGGGGCCGTGAGCCT",543,173,463,294
"113","ATTCCATACAGTGTGTTGTTCGGGCTTTCTTGGCTAGGGATTGGACCGATAGGCGGGAGCGATCAGTAGAAGGGATGAGTTGTGTCGTGAGACATGGTTAATGGTG",300,425,320,423
"114","GGTGTATGGGAACTCCCCACGAATAGTTGCAGTATCAGTATCTATTTTTACTATACTATGTGAAGGAGATATCTATTTGGAGTGGTGGCGCCTTAGGTATTCTTGG",372,0,383,664
"115","TGACTGGATGGTGCGGGCAGTGAGGGTCACTGTAGGTAGGTTTATAGCGGGCAGGATGGGCTTGGCAACGGTAGTGGTATGGTTGGGAGATGCTTGTTAACATCTT",291,422,275,423
"116","TAATAGGTAAATTAGTCCGACGGTGGAGCTTGCTTTGATTTTTTCTAGGGGTGGTGGGGTTCCGTAGTCCGTTAGGTGGTGCTCAGGAGAAGTGAAGTTTTTAGTG",248,562,237,330
"117","CGATATGGCTGGTGGTTTCGTCATTGGTACTATAATCGGCCACAGAATCAGGGGTGGATGTCATTATTATAGTAGTCGTGTACTTTGTGTGTGGAAGGGCTCAAAC",500,287,463,117
"118","TGTCGGTCACGGTAGGAGCTTGGTATACGCGTTGGAGAGAGTAGGCGAAGTATTCTTGTGGCTTAGGTTCGTTAGTGCTTTGTTAACGGAGCCTGATGTATGGTTA",218,401,307,439
"119","CGGTACGAGTTTTCGGCTATGCAATATGGCTTGTAGTGTTTTTAGATGTTTGTGAGGATTCACTTGGAGATCGTTAGATGAGGTTTGGGCTAGTCGGGGTATTGGC",686,0,674,0
"120","TCCTTCTGCATTGACGGGGTGCGCTCAGTTTAGATGCTAGGTTTCGAAAAGTCCAATAGTGCTGGCTATTGGGAGAATGAGTTGTAACGGTCTTTGACCCCGTATC",387,0,325,637
"121","ATACCGGGCTTCTTGGTCGTTCCATTGCCTTTAGGATACTGTTGTATGCGCGCGTGCATAAAGGGGTTGGCGGGGTCTTAAGAATGCGTTTGGGGTACTGGTCTTT",223,460,219,428
"122","AGAGAATTAATTATTCGCTGTTTCCGAGGTTCTCGGTTGACTTATGGTCTGGCCATGATTTTCTTGTTCTGGCTGTTCGAACCGTCTAGTCGCTATAGATGCCCTC",461,0,442,404
"123","TTGTTACTATTGTATAGGCTATTCTACCCCTGTCATTAACTTTCGTCATTTATGAATATTGGGATGCTCTGTGTTCATATTTCGCGCTGCGTGGTCCTGGCAGTCC",686,0,616,2
"124","GGATTATCCGAGGTGGAGAGTCGTCTGATATGTGTTCATGCGAATAGTGCGAGTAAATGCGAGTTGCAGTGGTGCCAGGTCGCGAATCGACCGACGCGATAGGGGC",666,0,636,0
"125","TATTTCGGTTAGTGTTCGGGGGTTGTTTAGGCTTTCACTCATGTCTTAGCATCCGGTGGTATCTGCTGGCGATAGGGAGGATCGCGCTTGAGCCTCTTGTCGACGA",323,394,189,391
"126","TGTGCAGCAAGGTTGTGCCTACAACTGACAAGTGTGGGAAGTAGGCTTCACAATTGTGGTTGAATTCGTATCTCCTTTGCATAAGGTTAGGTATTTTATGGTATGA",299,362,255,380
"127","GGCTGCATTGTGTAAGGTTTTTGGTTGGATGTGTGGTCGAGAAGAAGATGGGGTTGATATCTAGGAATAGTTGCGTTGTTGAGCTGGTGTCTGGGGCGTTGGGTGG",252,439,220,358
"128","TTCGTCGCGATGTCTGGAGTGTTATTATGGTTATGTTATAAAGCATCTCGCTTGGTAATTTACTCTGCCGTATCTTCGAATGGTTTCAGGGCGCAACCAGACCTGG",245,380,226,408
"129","CAATCTTTTTGCGGTTGGTTATTGTCATCTTAGAATATTTCTTGGTTTTCGTTCTGCTCTCGGTAGGAAATAGGTGGAGGATTTGAGAAGATCGGCCCCCTGCATT",598,24,580,22
"130","TGGTTAGGTCCTATTCCAGTGTGAGTCTGCAGCTATTAGGGTGATTTAAGATTGTGTTTTGGTATAGCGATGAGGTTATACGAAGGAGTTGGGGGTGGATTATTTT",594,0,617,0
"131","TGTAGAGTGTCACATCCAAGCATTCCAATGGATAGAGGAACCTGGAAGATTTTGTGCCGTGGACATAGGCCTTACGTGGGTGAAGTTGCAGCTTCGGCTGTACCCA",187,414,201,405
"132","GGTGTTGTGTATGCTGTTGTTTCTCCGTGTGTTTTAATGCGGTATGTTTTTGGGTGGGTATCTTCTCCGACCCTGAGTACGGTTGATATCGGTGTGACGTTTTGGT",237,432,254,282
"133","CAATCTAGTTGCGGATTACCGATTTCGACTGCAGCTAGTGGGGGTCATGTCGGCTAAAGTGTTACAGTCTTGTTACATGAACTGATAGCGGGCAGCGCGGGGTGTA",220,410,214,356
"134","AATTATACCGGTTCTGTTGCAATTAGAGGTGGTGCTGGAGTAGTATTTAGATAAATTGATGGTTAAGCTCTTATTTATACGTTTGAATGGCGGTGGTGGTTGTGAG",353,178,405,180
"135","TACATCGCTCTTGATGGTATTTTTATGGGTTCAAATTTTAGGAAGGGGGCTGGTCGATGTGGGTCGGCCAATGTAGGGTTGCTCAAAATTCGTCGAACGTGTGTGG",257,294,248,317
"136","TGTGAATCGTTTTTTTTGGGCGATCCAGTAGGTATTTGGAAGCACGTTTGTAAATGTTGGTTTTCTCTCAGATCGATTTCTGCACTTTTGGTGCCAGGCTGCGGAT",550,0,544,0
"137","AGAGTTCATATTAGCTTATAATTCAGAGGAGTTAGTTTAGTCGCTTCTTGTTGGTCCGCATTCAGTCTATCTAGTAGATGGGGTATTCCTCCTGTATTGCATGATC",566,0,505,0
"138","TAAGCGTGGGGATTTTCTAGGGACTAGTAATGGGGTATGTGCATTGATCTACGCTTTAGATTTGGTCCCTGTGGACCTGGCTCTTGAGATTTGGAGTCGGGGAGAG",560,0,505,0
"139","CCTTCTTATTCGGTGTCTTTTCCAGGTTATTGGTTTACGAGGTAAAATGTGGGTACGGGTTGGTCCCACTAGCCGTGTCAGACTGGGGCTGAGCTTGTAGCGTCAG",225,285,198,348
"140","TAACGAGCGTAATAGTAGTTTCGTTTCATGTTTGAGTCCCTTAAAAAACAATGGTGTCACTTCATGAATAGGTACTTAAGTGCATCGTATTGTTAGTAAAGTGTGT",245,293,183,308
"141","GCATTAGCCTCGTTGTCTGTCATACCGTGCTAAGTCGAATGATGATGATGTGGGGGTTTACTGCACTTTACTGCTGCGTAGGAGCTTTGGTCTTTCGCTAGGGGCT",523,5,480,5
"142","TCCCATCTATATGTATAGCTAGTTCCATGTCTGTATCCTTACGTGATCTCTCAATACTTTGTATGTCTTTTATAAACTGTAAATAATAGAGTTTTTCGGTCTCAGC",129,393,170,319
"143","GGTTATCCGGTGGGCGATATGAACTTGATTTGATTGGGTAAATCGCGTGTTGGGAGATCCGCGACTCGTGGTGGGTGGTTATAATTTTGGTGTTTTCACTGCCTGG",498,3,497,0
"144","ATACTCAACGAGATGTCTTAGGGTTGTATCCTTAACTTGTGCGTGAAGTGTCTGTTGCACTCTGCCAAGGGTAGGCCACCTTCCTTGAGCTGGAACAGAGCAGCAA",178,286,188,325
"145","CCATAGGTATGGTCGGAGAAATGAAGATTGGGAGCCTATTCTTCTTAGCGCTAGTGACGTAATCGTCTGGTGAGTATGGCGCAGCTAGGCCGCGCGTAAGATAAAG",162,314,159,339
"146","ATCCTAATTGCGTGCTGTAGAGAGACTGTTCACTGGAATTTTAAGTTTGCTGTTGTTACTGCGTTTACTGTTGTTTCCTTATGTTGAGAACTGGTGTATTGCACAG",175,300,207,291
"147","ACATCAGTGTGGTTAGGGTTCGCATGTTCGTTTGAGAGGGTGTTGTTCGGTTTCTTCGGGGAGCCGATCGAAGTTAGAGCGTGTGATGAGGGAATTTACTTTACCG",277,0,300,390
"148","TTTTCTCGGTGATTGGTGTTGCGAATCTTATTAGTTGTGTGCTAAGAAGGACTGCAACCTCAAGCGATCCGATTTGAGGGAGATGGTATTGCGGCGTTGTTAGGGG",494,0,472,0
"149","TTAGCAGGGGTTTGGTAGTATTTCTAAAAGCGCATTTGAGATAGAACGGTCTCGCTGGTTGCGCTTGTCGTTCATTAGGGAAAGTCCTGAGGAGCGAATGTTTAGC",477,0,477,5
"150","CGAAGTATGCAATTAAGTGTCTATTAGCTATGACTGGCAAGACTCTAACTGTGGGTGGGTGGTCTGTCGTACGACTTGGCGCTATTTGCTCATGCGAGCTGCGGTA",468,0,393,92
"151","GCCACTAACTCGTCGCGTTACGTGTCAAGACTACTATTTCTGGTGTGGATTTCTTGGCATCTGTAATGTGATTTTGTTAGTGAATTGTTGTATTATGTGTCGAATC",243,253,186,264
"152","TGTGCTGTCGAAACAAAGTTACGAGATAAAAATATGGTTGAGCCGTGTAGGAGCAATTTCCGGTTTTTCTTAGCTCAATCTGTCACCTAGCGACGACAGGGTTGGG",177,318,150,300
"153","AATTATTTTTTATTGTCATCGAAAACGTCGAATCTGGGCTAGATGCGTTCTATAACCAAATAAAGGAATCGCTGGGCCTAAGACTCAATTAGCGGCATCAATTTCA",248,0,281,400
"154","TTGGTTCCTAATAAAGTTATGATTCGCTAGTCTAGTTGTATTGGTTTCCGATGATATGGGCTTGGGCTAAAGAAGGCGGGGGTCTGTCTGGGTATGTTGGTTGATA",209,259,164,283
"155","ATTTCGATAAGGGTTGGTAAACATTCAGTATTTGGGATATGATGAGAGATTAAACTGTACGTACTGCTATTGTAATGAGAGACCTATTTTGCGTACTTTTCGTAGT",154,272,142,326
"156","AGGGGTCTTCTTGTGCAGGGTTTTAACGATTATATCGTTGTTATCGGATCGTGGGCACGCGTTTGGATAATTGTCGAGTTTACTGCGACGGGCCTCTTATGTTAAT",483,0,409,0
"157","TTGTTGCCGTTCGACACATGTGGGTTCGTTATATGTGGCCAGGATTTCCCGGATGTTAGAGTTCTAAGTGGGCGCTGGCACCAGTTTACTTTGGTTTTCTTTGGTG",163,257,178,291
"158","TGGATTAGTGTTTTCATGCATTTCAGACTTTGCAGGCCCGTAGATTTTTATGAGCATGGGTTGTGTAGAGGCGATACAATTGGGTGGATGGATTTTGGGACGGCAG",193,250,195,239
"159","ACCGGGGCGCTCATTCCCGTTGTCCTAGGTCGCAGGATATCTTGTAGTTTAGCCGGGTTCGGAGCTTAGTGGGTTTGGGTGCGTATCGGTTTGCAGCTCGCCCCAT",281,0,220,364
"160","TGAATGGGAATTGCGACGCTCGTCGTGTTTTATGCACGGTTGCTCTTAGGCATATCGTTGACATTACCGGAGTCGAGTAATGTATTGTCCAGAGCTTGTATTAATT",190,212,188,258
"161","ACTTAAGCGTGAAGTCGTTTAGCTTTCTCACCGAATAATCAGAGTTCGAGGCTTAGGGAACGTTGTTGGATTGCCGAGACCCTCCGTCGGATGGTTTATCACTCTT",287,141,313,102
"162","TGGTGTTCAGAGAATTTTACGTTTCTCATTATTGTGTGTGTTAGCACGGACGTCGTTTGTTGGGAGGTTGCGGTAATGATTTGACGTCGGGCAGTTTATGCCATTT",178,216,162,285
"163","TAAGGGGGTTCAAAGCGTATTCCTGGGTGTGGTTTTGTTTATACCATCACAATTAGCAAACTATGTTTTGGGGTTCGTAGCTCGGAGAATATGGTGATGCTCTCTG",171,215,181,264
"164","TTGGTGAACAATCAAGAAGTCGGGGTTGTATGCTCCATTGACTCCAACCTGGCCTAATGAGGTGAAGTTGTTGTTTGGCAAGGGATGTCGCGGGATGCGGGGGTTT",180,254,196,198
"165","AGAGGATGATAGTTATTTTGTACTGAACAAGGGACTCGCCTTCCTTTTTAAGAAATGTTCAATCTTGAAAGTTGAGTTTATACGTATTGTTACTGGTGATTACTTA",165,223,148,280
"166","CAGTGTGCAGTTCGTCAGCTGGTATTATGTTTGTCTTGTGTTAGACGCGAACCCTACGGAGGTATAGAAGTTTAGAGGTGGTGTTACAAGCCCATGGGGTCAAGCG",152,270,169,210
"167","ATTCGAACTAGAGCAGGGCAGTACTTTGTAATTCGCCTAGAGCCCCTGTTTCGCTCTCAGTATAGGGTGTTGGGGTCACATGGTCAGGGCCGACGCCTGTTGTGGG",253,288,125,134
"168","TTTATTACTCTCTTGCTTATGCGTAAATTTGCCCCTTGTTTCGGATTAATTCGTGGTTGGTGATGGGGTCTAATATTGCGGCTACATCTGGGTATTAGAGGAGCAT",161,193,178,255
"169","AACTAGCTATCCCAATTCCTGATGGTTCGACGTTCCTTTTTTACTTAGTCATGGTGTTGTGCGATCAAAATTGAAGCTTCGTAGCTCACTGGTTGGTCAGGGCGTA",374,0,407,0
"170","CGGGGGGCTCATTCGATTAGTATCTCACCTTGGTGCAGTATTTTTTAAAGCTCCCGTTTCGAAGTTGTTATGCGCACTGGCGATATGGCCCGACGATGTTTTGTGT",136,236,139,267
"171","TGTCGACGACCTCTCATTTCTTACGTTGTGTCTATGCGTCGCCTTATTTATGACAATGGCATGCTTTCCTTCTGTTTGTTGAACTTCGTAAGTTTTCTGTGTTAGA",164,237,261,113
"172","TATTCATATGTTTTGTTACTGATATTTATAAGCGGGGAAGTCATAGCTTACACTGTTAAAGTTTGATTTTGGGTAATGTATTACCTGAATGTATCTGCTGGGTTTT",408,0,359,7
"173","ACAAGGTGGAATGTGCCTCATGGGATGGATTCATGTTGTCAGAGCAATTGAACATGCTGACGGGGTCCATGTCTGCTGCTGGAACAATTGTTCATTACATTAGTGC",175,218,149,231
"174","CATACGGCGTGTTTACTTGTAGGCCTGATTCCGTATTTTCGCGGTATGGCGGCACGTGGTCCTTAGTGAGTGGCGGACGTGGATAACCGGGGGGATTCGCTCTGGT",361,51,313,44
"175","GCAGGCAGATGTTGATGTATAATCGGTGATGCCTTTTTAAGACGCGGTCAACGAATAAACCTGGTGTACGTGGCAAATACCATTAGTTGTAGCCAAGGGGAGTTAG",397,15,339,11
"176","TGAATTGTGGTGGGCAATGCACAAATTGGATCCCTATCTTCAAGTCGTTAGCGACGTTGTTTTATATCGGTATATAATTTAAATGGTTTGGCTAATTTGCCCAGGC",362,0,395,5
"177","TTAGTTCTATGTGATTGTGGGTGTGTTCGGATTTGTATGGGAGGTGCGGGAGCTCTGTGCACTCCAAAGAAAACTCATGTGGCACGGAGGGCGGTGGAAGGCTATG",437,0,320,0
"178","TAACAAGAAAGTTTGTGTGGAGGGACGTCAATTTAGGAGCGTGTAGTTCTACAACGTCGACTTGGGGCGAAATGCGGAGAAAAATGACTTGGTAGTGCGAGATTGA",199,187,177,181
"179","TAGTCACATTGCATGATAGAGCGTTTATAAAAAGTTTGATGTTATCTGAATTTATGCTTGTACGTGAAGTGATATATCGCGTTGGTAAGTTCCTTTGTGTCTTATA",347,0,396,0
"180","ATTCATATTTTTAGTATCATCGTTGCGTGAAACGTGTTAGTCGTATCAACCTTGTTAATACGTCGTTATTCGTATTGCGCCGGCGTATGTACGTACGTTATTGTTG",156,197,158,232
"181","ATTGTGATGAAATGAAGAGATTGTGTGGCTGTCCGTATTTTTCAATGGCGATGGTTTAAGTTGGGGCCATGGAAGGGAGAAGGTCAAAGGTGCTTTAGAGGGTGTT",150,214,151,220
"182","ATTTCAGTTCTTTAGTAACTTTTGTACATGATTTTTATCTACGCCGCATAGTGGAGTCCTTATCCGAATGGTATGGTGTACTGCGGTCTAGGAATCATGTATTATG",134,204,141,241
"183","GAAAGGTGTTTGGGATTTTTATTATAGTACAGTTATTAGGGCTTATTTGTGTACGCGACTTAGGAATGGTTTCCCGTGATTTTGCGTTTTAAAACGGTGACACAAG",187,189,123,220
"184","TTTGGTGTTTATGTTTGTGGTCAGTTCTGTTTCTGTGAGATTGGGTATAGTTTTTGTAAGAGTGCGGTGGTTCGTCTGGACTGTTTCAAGTCGAGTCTGGTAGGTT",174,174,155,205
"185","TTTTAAACTACTACTTGGTGCTAGTAATGCCAGTTTCTGACGGATCGGATAGTGGTAACGAAGGTTGGAGATGCGTTTGAGTGGGAGGGGGGCATCTCCGTGTTAA",385,0,322,0
"186","ATGAGTTTATTCGGAATTCTTTGATTGTGTAAGTGTTACAGGTTGGGACTCGTGTGTGTGAGGCTTTGCGATGTGGGATTCTTGATTTGTGGGGGTATTTTGGAGC",149,191,145,207
"187","ATGTCGTGGTGCTTAGATGCTTTTCAATGATCTCCGGCTTTGCCCTTAGGTCATTGTTTGGTGTCTACTCGTAAACTTTGTGATGTTTGAGGCTCGTAGGTTTTCA",377,0,305,0
"188","AAGTTGGGAGTGATCCATAAACTAGTGTTTCTTGTTAAGCTTTGATTTTGGGGATTTATGTTTAATGTACATTTTTTGGGCCATTGCGACCCGCTTGGACAGATTT",356,0,325,0
"189","GTGTGACATCCAAGCCTTTGGCCAGGCTCGGGCCACGTGATAGTGAGTCCTGTATACTGAGTTGTCGGCTCGGTCGGAGTAAAAGATCGGTCAATGGGTGCCTACG",320,0,361,0
"190","TTTATGCATTGCTAGACGTTTGTAGATCCGTACTGGCGGGGCCTGGGTTGTCTGCTATCAAAAGGAGACAAATATGGTTGGGTTTTCTCATGGGATTAGCGTATTT",123,227,111,207
"191","CTTTTATTGTGTTTGTCAAGGTCATTGATTCTTGGCTCCTTGGTCAGAGTGTAAATGGAGGGTGGCTTTATGGAACGGGACGAACAGGGCATGTGGGAGATGAGCA",133,165,145,210
"192","TGTATGATATACGGGTTATACTATTTTTTTGTTGTAGGTGCCCGGTATGAGGGTTCAATTTATCTTGGGAGTTAAGGGTTGGGTTATTTTTACGTGCGACCGTCAT",97,205,106,243
"193","ACGGTGACGTTGACGTGTTAACTAGTTTGGTGTTTGGGATCACGGTAGGAGCCTGCATGTGTGCTCTGCGGGACGAGGTGACGGTGCGTTTGTGTGAGAACCCGGT",344,0,304,0
"194","CGGTTGCCAAGGGTGCATTTTTATTTCGTAGTTTTCGGATAGGCTTTTGAACTGACTGGTGTATGACATGATGGAGCTGTGGGTGGCGATCTCGTGCTTAAAGGTT",346,0,300,0
"195","CTTGCAGACAATTGAATATAATCTTACTCGCGTGACTATACTTATAAGTGCCATTACATTTGTTTACTCGTTTCGTTTAGGACCAACGTTCAGGGAATCGTTTTAA",106,200,99,232
"196","CTGTGTTTCTCTAGTTGTTAGTATCAATCTTTACGGTTACGTACCACCGTTAAAAGTAACGTCCCAAACCGGGTGGGCATTTCGTTTGTAGTGGCCTTCGATGTTC",192,231,77,135
"197","AAGAAAATGTATTTGATAGATTGGATATATGTTCATTCCGTGTTGTTGTACATACCGACCAGCGTTATCGTTTGTGTTGCATCTCTCGGATCCAAAACCTGCAGTT",358,0,275,0
"198","CGTCTTTGCATAGGGATATTTGTACGGCGTCATATTAGCGGTTAAATCGTTTTCCATTTGATTTAGCGATCGGGTTTAGGTCCGTGGGAGATTCAGGTGTCGGGTC",124,200,114,190
"199","AGTTACGTGTGCCGGTGTTGGCGGGTGCTCCCATGAGCGTTGTTGCGGATCGCCATGGCGGTGGTTTCTCAGGCGCGGGTAATGAGTCGGCTGTATGTTAATCTCT",232,6,192,192
"200","TGGTGCTTCAATGTGACTTTGTTTCCGTGTGGGCGGGTCAACCATTGCGTTGGATGCACTGCAAATAACTTGTTATGTGGTCTGGGGGTTATCTAATTAGAATGGG",137,145,107,209
"201","ACGTTACTTCATCCTAAGTGTTGTGAGTGATTGGTCGATTTATTTAAGTCCGGTGGCGGGGGATTGTTATGACGTTGTACTTTTGGTCTTGGCCGGTTGCAGATTA",121,189,120,166
"202","CCTATGTTGGATCATAATGATTTTTTTGATTGTGTGGCGGTGTAATCCTGTCATTAATCCTGCCCTCTTTTGGGATTACCCGTGAAGAGTGCACATCCTGGGTTTT",81,203,101,205
"203","CGATTCGAAGGTTTGATTTTAGCACTTTCATTTTGCTGCTATGGCCAGCTTAATAGTGGTCTTCTTAGTCGGTTCGATCTGTATGGGTTCTGTTGTTGTTCACAGG",124,162,111,190
"204","TGTGATGATGGTTTTGATTCCTGTACTATTGTATAGCGTTAGGCCGCAAACGGGTAACAGTTAGATCTTGAGACCTTGTACTCAGGGTCGTGTGATATTTGCGGAT",301,0,273,0
"205","ATGAAGGTCGTTTCCACAGTTATTTAGTGGATTGTAATATCTGGTTTGTTTATGGATATAGAGTAGTGCCTGTACACATTTGCTGTGGTCCACGGTTAGCGGTTTT",125,162,127,160
"206","ACTTATTCTTCACGGGGCCGTTTGAGTTTTGTTTCAGGTTTGGATGGTGTCACAATATTGGTGTGGATCTTAGGTGTAATGTCGACGGTAGTTTGGGTCAGGTCAG",294,0,266,0
"207","GTCAATATAACTTCCATGTGCTCGGTCGTTGTAGGAGGTTCTGCTGTGTTAGTATCGAGGGTTATATGTTCTGTTAGAGTACATATAGTATAGCTGTTGACTGAGC",195,72,207,78
"208","TTATAGTAAACGCACGTTTGAATATAAGCTATAGAATTTGAGCGGCTTTTTAGTTCGTGCCGGCGATGGACAAGTATGCGGACTGTGAGGACGTGCGGGTTGTGCG",80,172,107,189
"209","GTATAGGGTTCAGACGTGGGATTGTGCATGAGTCTATCGGTGAAGGGTTATTCAGCTGAGGATGGGATGCGGGAGCGCGACTATGGTGTCCTTCTTAGTCTGGAAG",292,0,253,0
"210","ATGTTCCTGCACTATAGGTCTGGGTTTACGATTTGTTAGCTATATTGTATGTATGGACTTGAAACTATAGCCTACTAGTACTGGTATGACATTTTCTCCTAGCTAT",105,180,94,160
"211","TGCATTTGTACAGCGGTTTGTAATGATTATATTGTATGTTAATGTCGTGATTGTTTAAATTTTTGGGTTGCGTGTTCTACATTTCCTATGGTGTCTCATTTCAGTT",130,136,104,159
"212","TTTCGTTGAAAATTGCTACACTATTTGTCTGTCGTAAGCGTAACGCAGAGGGAATGGATAACCGGTAGGACAATGCTGTTGGGAGGTCGCTCAGGCAGGTTTGAGT",121,132,116,155
"213","TGTGCACGTCTCTTCTTGAATTGTTTATCGTCGTCCGCATGTTTCTAGCTTTGTTGTTTGGAGCATCTGCTGTGGATTGTTACGGTGGAAGATTTTTTAGTTTGCA",155,131,93,131
"214","GGTAAGAGGACTGCTAGAATTGCCGCGTTCGGTTTGGAGTGGGTAAGCCGTCTTTAGGTGTGAAAGGTGGTTGGGGGGTATGGTTCTTTGCCGTGGCCGCAAAGGG",115,150,75,170
"215","GCATTGGTTTATTTTTTTTCTAGTTTGGGTGGAAATATGGAGGTGTACAGATACGGCTACTTAGATTCTTCAAAGGTGAAGGCGTCTTCTTCTGGTGGTCTTCGGT",255,0,246,0
"216","AGTTTTTACCCTACTACCGATAGAGAACACTCATGGGTTTTGGCGGTTATAATTTTCTATGGGCTCTCGGGGTTTTGTCTGGATTGGCTCTGGGCGTTGGCACTGC",237,13,233,18
"217","AATGGTTTCATGGGGTTTAGGGCTTTCGGACGTACCGAATGCTTATCTGTCATTTTGGGAGTATCAGACGAGTGTTCTCAACGGGATTCAGTGATTTCTATGGGAT",267,6,217,4
"218","TCCATCGGTTGCGGTTTCGTTCTGTTTACGTGGCGGTAGGAGATCGCGGGTAAGATTGATCAGCGACAAAACTACTGAGTGGAGGCCAGTACAGGGGTCTAAGATG",117,119,99,159
"219","TTTTTGTTAAAAGTGACGAGTGAATTCGCTTAAGGGTGGATAGTATGAATGTATTTTTTTAATTTCTTGGTGAATTAGGGTATGGAGTTTTGTCTGGCTCATATGC",106,130,92,166
"220","GAGATACTCAAGGGATATTCCTTGTGTTAATGAATATGTGACGCGGGCGGAAGGGTTCCACTTGGGATCTGGTAAGTATTTTGATGTGGGGCCGATGATTTTTTCC",98,145,102,149
"221","GGGTCGTTAGATCACTTTGGACGTTTGTATGCGGGTTATTTTAGAATGGTGGCGGTAAACTTTTAGTTAGTGTGTATTCTTAACGACTATTGGAATATAGTTGGTA",104,140,101,147
"222","AAGTTTCGATCCGCGTGGGTTTAGTTTCTTATTGCTTCTTTTCTTAACTAGTACCTAACCGGTTCCTTAGACGGCATGAGCACGGGTATTCAATGCTCTTGCACGA",202,69,168,48
"223","CTACCCTTGGCTTTATATTCGACGGGTGCCTGTAGCATACGTTTAGGTTGGTAGTGGTTAAGTTTTGGAATTGTAGATAAAAGGACTGAAGAGGTCTATGACAGGT",97,148,95,146
"224","GACAGAGAAGCTTATGGGTTTATTGTTTTAGGTATAGGGCGCTGAATACGATCATTTGACAAGACTCGTAGTGAGCCTCGGCATCAGATGATAAGCCGTGTCTAAG",287,0,188,0
"225","CTTCTAACGGAGCGGGTACACATACGTGACATGAAGAGGCCTGAGTTTCTCCTGGTGCATAACGTAGTAATTGTTAATGGGGTCAGTAGGGGTGGTTGACAAGGAG",166,77,179,52
"226","GGCTAGCGCCGGTGCCCGTATAAAGGTGATGTTGTGGGGATGTTTATGGGTGCGTAAGGAGGGGGATTGCTTGAATTGTCTCTGTGAGACGGTAGCGGCGTGGGGA",252,0,217,0
"227","AACGTAGTCTACAGGGCTTTCGGTCTTGGTTCCGCAATGAGAATGTCTATCTACGGCCCTTGTTTAATTGATGAGATCGTTATAAACTGTGCATAGTGTCTGGGTG",266,0,201,0
"228","TCTCGTTTTTTGGTCTCTAGTTTTTTTTAAGAAACATTGGTGTAAAAGCATGTGTAACAGTATGCATATATTATGTGTCGAGAAACCTTTTTTTCATTTGGTCTAG",101,109,108,140
"229","GGTGTGTATGCGTACTGCGTTAGTCACAATCTAATGAGGGGAAAATTGGCAGTAGCATGGGTTTGTAGTGCCACTTGGTATCGAAATAGCGTAATCTTATTGTGAC",238,0,210,6
"230","AGATCGCTGTTCTGACTTACTCTATGCGTAGACGAGATCTTAATACATTACTATAATTTACATGTGGGGGCTCTGCGACGATATATCGACGAGGTCTGGATTGCTT",91,150,139,70
"231","AGCTCACGTAATCTTCTGTGAGGTTTCCACCGTTTCCTTTGTTAATACTCTCTCAGCACTGGTCTTGCAGGGCGGCAGTACGGTCTTGCGGCATGTGAGGTTGGGG",209,0,240,0
"232","TACAGCGTTGCACTTTTGAGGGTACATAGATTATTTTGATGGGTATTGCATAGGTTGATGATATTTAGTTGTAACTTCCAAGCTAGAGGTCCGTTGGGCAGGTTCG",74,118,104,151
"233","TGGTATGTTTTGCTTTGCGATATGTCGTTTTGGATGTTCTTGGTCACGATGAATTCAGTCCTAGTTGCGTATTTTTTGTGGGGCATGATTACATCTTGCGGGCGTG",83,140,106,115
"234","TAAATCATATAAGTTAATCTGAGCTATTTTGGTAGTTAGTCAACCGAACGCCTTTGCTTTTTTGATCTCTGTTGATGATAAGCTTAGTGTCGGATGTGCTGGAATG",89,127,94,129
"235","GGCGTGGCTTTTACGGCGCCTGGAAATATCCCCTTTATTCGGTGAGGTATTTGAAACTACAGAGGTTACTCAGGATGGGTGGTTATTGTTCAAGAACGTTAAGGGT",215,8,197,17
"236","TTGAACGATTATGGTTCATTGTCAAGCAAGGTATCCGCCGCTCGCCCTGTAGCAAGAGGTGCTCGTTAATTCCCCTTTACTTGGTGCACCGGCGCCGAACGCATTG",133,81,112,111
"237","TTAGACGTTGTTTATACCCTAGCCACACCCGTCTGTTTTAGTGTTGTTTTAAAAAGCCATCGCCCTACCTGCGATTGTTTGCATCACGTATGGATGAAATTTTTGA",106,132,80,119
"238","CTTGATCTTATTTTTAATTTGCACTGTTTTGGATGTCTGTTAAGGTTGTTGGATTCTAGGGTTATTAAATCGAGTTTTCTCTTTGATCGTTCATGGACCGCTCTCT",95,102,109,130
"239","GAGGTTGGTTGTTAGTTTGGAAGTTTAGGTCTGTGGTTAAGAGGTTTTTGTCCGTTGCTTTTTTCAAGGTTTCTTCTTGGTCTAGTCTTGAAAGGCGTCTTTGAGG",198,0,230,0
"240","GAGATTGTTGTATTTTGTGTGCTGCGCTTGTGCTTGGTAACTGTTACCGTTAGATGGTCTGGGCCCGCAGTAAGCTTTCCTTTTTCGTGTTATGCTGGACGTGGCC",88,137,93,110
"241","GGGTTGTTAACCTTGCTATTTATGGATTATTTATCTTTACCGTGGAAGTTTCTGTCAATGTGGCGGGACTTTCCTAGTCAAGTTGATTGATATGGTTTGTCATCTG",249,0,176,0
"242","TCCCTCCACATTACAGGCCCTAGTAGCGTTGGTTAGTGTCAAGACAGTTTTAAATCCATCATTTTTTTACCTTCCTTTAGCCGCTTCGTAGGGTAGTCTGGGTCGT",230,0,194,0
"243","CGTGGACGGGGGGGCTTGTTTATGTGAAATTAGTTGTCTGCCGATAAGGCAGGGAGATATATTCTGGTGCGATGCACCTCGTCGTAGGAGGGTGTGGCGGCACCTG",239,0,184,0
"244","GTAATGAATTCTTATTTTATGCGTTTTTTATTATTCTAGATTGATCTAATGAGCACGATAAATTGTTTTATGGAGACATTTTTTTGCTTAAGGTCGTCTGTAGATT",91,90,87,155
"245","AAATTAGTTGTTGCATTTGAATTATGTTTGTCTATAATTTGCGGATTTCGCTAGTAATTGCTAAGTTTAGTCTCAATAGCTTGTGTGCGTGTCCTTCCGAGAGAGA",95,112,86,128
"246","CGATGTTTGGTTGGGTTCGTTCAATACACTGTGTGGTCGAGCGTTCAGGCGTAGTGTTGTTGGTAATGCGCCTTCCGTCAGACTGTTGTATTTTTAGCGTACATGG",97,115,93,110
"247","TCTGCTCTAGATGTTTTCGTAGACATTGACCATTGTATACGATTGTACTCTAATGACTTTATTTGATACGCGTTTAAGTGTTAGCTAGATTTCGTAAACTTTTAAT",78,143,60,132
"248","TAGCAAAGGCTTAGCCGGCTTAAGTTAAGGGAAACGTCTTGACGGGCAAGTTGCGGCAGAACTGGGTCCCGTATAAATTAGTGGTACTTAGGGTTTTAGTGGCAGT",67,131,67,147
"249","AGGAGAAAGAGATCTCCCTGGGACGGGTGCCGTTGGCAAGGTGTCGCGTCTGTGCGAGGGGCTAGCAGTAGTCAAGCGGTGACCCTGGAGTGGAGGGGTGCCGGGT",206,0,202,0
"250","CGTTCTTTTATTATTGCTTGTGGGTTAAAGTTTATCGTTCGCGGGCTTACTAACAGATTTGGGGGCTCGAGGTCGGGTTTATGTCGTGTTTATGCTGGATCTTATC",78,136,72,121
"251","ATATATTTGTTTGTTGGTTGATCTGCATACTTAGGGATAGTTTTCTTTGCGTTAGGCAATGCTTCTTAGTGTTATTTGATCGGGACAGTTGTTTGCTTCAGTGTGC",214,0,188,4
"252","TTGGGGTTACGCTGAGGTCTTGTGAGCTCTAGCTAGAGAAGCTGGGTTATTATTACAGCGTTAGGTTTCATTAACGCGGGTTTAGGGATGTGTATGCGTTGTATGC",221,0,180,3
"253","ATTTAACGACCGTAATGACAGTGTGCGCGCCGTGGTGACTGGGTGCGCCCTTTTGTATTCCGCAGATAGTCTACTGTATTAGTACAGATGAGTTCACGTTGAGGAT",73,126,58,144
"254","GGTTTGCGTTATGCTGTATGCGGGGCTATACGCTTTCATATGGGAGATGTGTCGTCCCTGAGACGCAAGGACAGGCATAATTACTTCTAAGGACGTGGTACCGTCT",91,101,76,131
"255","GGAAAATAATTTCGGTGTCCTGCGTACTGGGTAATACCAATGTAATCCTCACCACACTGCTGTTCTATATCGCTTTGTTATGGCGTTAACTGAACACGTGGGTTTG",153,0,243,0
"256","TTAGAGGTATGCAACTGAGCGGAATGTAATGTTTTCTTATGCCATTGTTGTGTATGTGGGGGCCCATACCTGGGTCGTTTGTTGGTCCAGCTGAGTGGATCGCGGG",165,0,227,2
"257","TTTTCGTCGCAGAGATGCCTTTCCTAGGTGACTCGAGAATCGATTACGCCACAACGTTTGCGTAGCTATCAGTTTCTATTTTTTCTTTTGTGTGTGAGAAATCTCT",219,0,173,0
"258","GTGCGCTGTTGACGACACTTTGCATACTCGAGATTCATGGTGTCGGGGATCATGTGGTATACCAGGAAAAGTGGAATGTGCAGGTTATAGGAAGGTGTAGGTTAGG",175,0,213,4
"259","GTTGGGAACCGGTGTTTTTTCGACTGGGCTTGGATCGAACTATGAATAAGGTAGCATTAAATAGTCTTGTTGGGTTTTTGTGATACATCCGATTTTAGAATCCTTG",62,126,66,135
"260","CCATTGATTTTACACTTGTTGTGGGAGGAATACGTTTGGAAAGATGGGCGCCTTTCATGCAGATACATTGGAATTGTAAATGGCGTGCAAAGGTATTTCTAGATCT",157,56,138,37
"261","TGGGTGTGCAACAGGGGTAACATACAACAACATGGAGTTTCGGGTTTGGGTATACTCTTAGGCTTTTTTGATGGGTCAGCTCTTTGTTCTGATTAATTGTGGTTAT",139,22,198,29
"262","TTACTGTTAGTGCTCTGTATTTGAAGTCCCGGTATGTGTTAGGCACAGATGCTAGGGTTTAAATTGCCAGGTTTGTGGGGTACTGTGTTCGAATTACGATCTAGTT",79,88,80,136
"263","ACTGGTAGTCTGGACGTGTAAGGTGAATGGGGGTTGGGGTCTGAGTGGGGTTGAATGGTGAGCGTCGTTAGTCTTGAAGGTACAGTGAGGTCGTACCTCGTGAGTT",179,0,194,3
"264","TCTACTTTCCAGGTGGTAGGGTCTGGTCTGGTTTAAATTGACCCGATATGAGCAAGGATTATTCTCGTTTAAACTCCGATTGCGGTATCGGTTGAAGGCGGCGTCG",181,0,185,0
"265","GTGATTCATTTTGTTATATTCTTAGCTTGTGGTTGCTAAATAGTGGGCATTGCTTAGGGGGGTCTCCTATTAGTCCCACGCCGTGTATGGGGGATTACCCTTGGAG",192,3,167,0
"266","TCCTTACATCACTTTACTTTTACGCGCACCTGAAGACCGTCAGCATAGGAGGCGTTGGTCTAGGGTATTGTGTGCTATGGTCAGCTATATTATTACGTTGTAGACT",195,7,149,9
"267","AACTATCGGTGAGGTTCTTTTTTTGACTCCTTGAATTATGGCCAGTTCTTTCAGTACTTTTACGGGATGCCTAGAAGTTACTTTTAAATGGCCTTCTACATGTGCT",59,116,69,116
"268","ATCTCGAAGTGTGAGCATCCAGTCGCAGGATTGGCTGACCTAGGGGTGCATCGGTAGATTGGTTATAGGGTAGGCGCTGATGTCCGTGGTTCGGCAAAATAAGTCA",149,21,155,34
"269","TGGTTTCTTCCATTACTCCGATTATGTCGAGTGTTCTGGGTTTTGGTGGCTTCGAGGTACTTGCCCACTCGTTGTTAGATTGGAGTATTTGCGGGCCCAGGCGTGG",81,86,93,89
"270","ATGGGGTGGGCGAGTGGCGAGAGAGCACAGTGTTCTTTGTGGGCGGGGTATCTGCTTATTGTTGTTTTTGCTAGACAAAACGTGGGTGTCCATGGACGTTAGATTG",71,112,53,113
"271","TGTACATAGTTTCATTGTCGTCACGGTATACGGGGACTATTCTGTGTAGTTTGTGGGTCGTAGGTATATGGGCTTAGTGGTTATTCCGGCGAAGGTCCCGTGTCCC",162,0,184,0
"272","CCTTTGCATTCGTAGCTCTTAAGTTGTTACTAGTGTAACGTTTAAGGGGGTTCTCCACTTACAGATTTCATACAACGACCTTGTTGTGCCACGGTACCTACTTTAG",71,103,66,105
"273","ATATCCTGTTGTTTGGTTGCGCAAGTTGGTTGCAAAAGTGTTTGTAGCTTGAGGGTATGTGATATGGTTGGTGCAACCGTGGTTTGCTGTTGTAGGGACGCCCCAG",109,4,125,106
"274","AAATTTACTTTGTTCGAGTTCGTCAGCGGATCCATATGATGTTTATCAGTGCAATTAGACGAAGGGCCTGAATCGAAGCATGATTCTTGTGTTCTGGTTATTTTTG",114,0,76,150
"275","GTATTTCTGGAACTCGGCGTTATTAACGGAAGCAACACTAGTCCTGGGGTTAGACTGATGCGTTCTGCGTGGCTCCGGTTGTTTTGTGCTTGTAGGACTGTGCTTT",74,89,51,126
"276","CTCAAAAGGAGATGATGAAATTTCTTAATACATTTTGTAGAGAAGATGGAGATCTTATATAATGGTAAAGTGAATTATCGAGGAGAGTATTACGCACTATTAAGCT",72,121,62,85
"277","CGGAGATATAAGAAAGGGTCCACACAAACGTTGCAAGGAAACTGGGTTTATTATCTGATCAATGGTCTGCTGTGACATGTCGCGCTTTGTTGAATCTTATATGGGG",160,20,145,14
"278","ATCCTTAACTAACGGTGAAACGGGTAGTTATAGGTAATGTTACGGTGAACGCATTCGTGAGCTGAACGTAGGGAACCGCTGACTGGTCGGAAGGCGTCAATCAGCC",99,0,99,141
"279","TTAAGTTGTCTTCTGTGGATATATGCAGTGTTTCTGATCAGCTTTTTTCGCTAACTTTTTGGTCGGTTGCGGTACGTCCCTAATGTGTATTGCCATAGAAGGATAT",82,73,79,103
"280","ACTGAGGTATCTGATTCCTGCCTATTTTGGTTAGTCGTGTTTGGTAGCGGTGGAATTTCTGGTTATTGGGGGGGCGTTATAGGCTGCAAAGTTTGGTCACTTCGTA",129,42,126,32
"281","TGGCTAATTTGTCTTAATTTTCCAAGGCGCAGGTATGCGCGGGTTACTGCGTTTGGTACGTCAAGTAACTACTCTTCGACTTAAAGCATGTCGTTGACTGAAAGAG",88,70,72,99
"282","AATTGTAGTTTCTCAATTTCCTTGACGGTGACTCAGTTCATCTCTTGGACGTCAGAAGGCTGGCGCGTCTAGGCTCGGTCTGTGGGTGGATGTATATTGCTGACGT",125,0,121,82
"283","ATTCGGTCCAGCATTTTATTTCTTTGGTACTTATTAGGAGATGAGTCTTGGGCGTTTATAGCGGTCAGCGGGTGAGAGTGGGGGAAAGATGTTTGGTGTTGATATA",69,71,74,105
"284","TTTTATTTTGCTCGGCTGGGCTTGCGCGGGTTCGTTAAGCATGTTGATGGTGCCGTTACTGCGTAGGTACTTATATTTTGATGTTATCGATTTGGGGGTAAGTGTG",169,0,147,0
"285","TGTCTTGATTGCACAACGTAAGCGCTCAATCTGGCTCGTATTCTTTACTAAAACCAAATTCTTGTGGCGGTTTTGGTCTGTGTGTGTGGGTGTTTGAATGGTAATT",152,11,136,15
"286","ATTTATTCAGGTTAGGGAGGGGATCTTATTGAAGATAACGTAGTTTGGGCCCATTAGTCCTGGATTTGATTTGGAGGAGTGTAGTACCACCTTTTTGCCTCTGGTT",66,86,74,85
"287","CTTTCCTGTTCGTGCTATAAGGGACGCAGCGTCGTTGAGGATCTGGGGGTACTGTGAGTATAGGAGTTTGTCGTTGATTGGTTCAGTGCGGAGTATTCTTCAGTTT",48,112,50,101
"288","TGTTACACAGTATCATGTATTATGTATATCTAACCCATAAGTGGACACTCGGTAGTATATGTGCTATGGGTTACCTCTGTGATTTTTTGTTCTTATGCATTGATGT",93,89,59,68
"289","TTTAAGGGGAGGTGAGGTAGCCTTGGTGTAGCCTTGCCATTCTAGATTATTTTGCAAAGCATTCGTCTACGGAATGGACTGACCCATGTGGCCCAAAGGAGTGTTA",72,79,63,93
"290","TTCGCGTGAATTGGTGGGTGTAGGAGTATCCATTCGAACGTGTTGTTGCGTTCGCTAGACAGGAGGCTTAGTGTAGGCGAGAGGGGCTTCCTCTAAGTGACACAGG",181,0,123,2
"291","CTGTGTTCGGAATAAAGCAACGGTCGTAGGAGCGGTTGAGTCCGGTCAGTTAGGCAGTGGGTGTGGGTTAGCGTGATGTTGGATTGAAGCTGTTGGGAAATTATAC",147,0,159,0
"292","CAAGATGATGGAACTTATCTGGGTGACGTGGGAGGATTTTGTGGTCGACTCCGTTTATACTTGACAATGCCGCTGGTTTCGGGGCGGGAGGCACTATTGTGACTTG",180,0,125,0
"293","CTCCGGTTGATATAGGTTCAATTTATTTTTTAAGTTCTTTAACGGGTTGTCTTAAGCTTTAAGTAATGTGAAAATAGTGTGTATAATCTTTAAAGCTGCGTCTGGA",71,76,59,98
"294","GGAAAAGGCGGCTATGTTACTCTAATTGATTCGTACTCTTTCAGGGCATGTGTATGAACTTGTATTTAACATCTGGTCGGCATTGGTATGTTACTTATAGTTGAGC",51,95,47,108
"295","TAATTGTTTGTAGCTTTATGTAAGTTTATTTTGCTTAATTTTATCGTTATCACGGTGATTCTATCTGTTATTGGCTTGTTTGGCGTGATACTTTGCTAAGCGAGGT",87,98,53,60
"296","ATAATCCCATTATGTGCGGCCATTAGGTGATAAACATCATAAATTTGTGTTGATATATTTACCTAGATGCTTTGGGGAGTGTGTGGTCCATTTGTATGTTGTGTTG",147,0,150,0
"297","AGTAGTTAAGGTTAATGTTGTTTGTGCTTTCATAAGCCGGATGTGCTTCTGGTCGTGTTAGTGAGTAATGTGGATTGGTCGAGCCGTTTGCCAAAGTTGGGGCGTT",57,65,67,106
"298","ATCATGTATTCGTTGTGAACTAGTTTCAGAAGGTTGTGGCATGTTCTAGTGTCAGGATTAGGTACATTAGCAATCTATTCTGAAGACAGGTCTGTTGCGGGGGGCT",125,0,169,0
"299","GCAAATCTATAGTGAGGGTATGCTAAGTAGACTTCTGTCTATTCGGAGTGTTGGGGATCGAGTCGGAGTGATGGGTAGCGATTATGTGGCGGGTAGGTCGCATTGC",55,77,64,96
"300","TGCAAGTGTATGTCCCCTGCAGACAGGTGTTCAATCCATAAGGCGATTTTAGATACAAAGGCAATTTACTTTTGTACCAGGTCAGCTTTGATGGAGGGGTCGTGGA",52,74,76,89
"301","ATATGTGCGCGCGTGGAGGTCGATGGCGGAGTTTTGTTTGCAGTGAAAGGTCTCGGGTGCTATGCGAAGAATTTGTTGGGGGTTTTAGCGGTGGCTGATTTGCTAT",132,0,120,33
"302","CGACAACCGTCTTGAAGGAGGAGTTGGCCTTGATTGGGGCGACTTAGGCTCGTAAGCGGGGCTTTTCGTGGTCTGAACATTGCGGCGTGGGGTGCTTCGTTGTCGT",160,0,124,0
"303","ATCTAGTCATAAGTGGTATGGCTGTGTCTTTTAAGTCATAAGCAGGTGAGTTGTTGTTAACGTGTGTCATCTAAACGAGGCGTCAATTGTGAAGGTGGATGGATAT",63,63,78,79
"304","TTTTCGTTTTGCTCAGTTTTGGATTTCAACATTTTTGGGTGCTTTCATGGTTCGGTTTTGTGTGTGGATTACTTGGGTTAGTTGGATTGTGTGCATGGTTTTTTTC",65,96,45,76
"305","AACGACGTAATATTAGTGGAACCTTTCAGGTACGACACGGGTATGATATTTGATAGAGTTGAGATGCGGAATAATTGTGGGATTATTAGGAGTGCTTAGTATCGAT",88,45,93,54
"306","GAGTTGGTGCACAACAGTAGTCTTGTCAATTGGCGTGATCTGGGCCTCAACGGGTGTATTCAGTTATATAACAAGTGGGTGGTTGGGTAGTGATAGAGGGGATGGC",146,0,133,0
"307","CCGAGGGTAGATGCTGATTTTGTATTGGGTTGTCTGGCCAAGTGTTGTTGGGGGTTTTGGTGCTATTGTTATTAATATTGACCCTGTAGGGGTGTCGTGCGACGTG",79,0,98,102
"308","GTGACATGGAATGTGTGGCGACTAGTTCTAAACTGGTATGACCGCGGATGGCGTTAGTATAGTAGTCAGTTTTTCGGGAGACCTAGCTTGAGTTAGCAAATTTCGT",136,4,126,11
"309","GGAGGTAGAGTTTGGCGTCCGATCGGGTAGTAGATGGGGATGCGAGGATAGTTGAGGTGCGGCTTTAGCTTGTGATGTATTAGATGGGCTGCCGTAGGTGTTAGGT",127,0,149,0
"310","GTATTGCCGTGTATATGCATATCCGATTTTTTACGAGTTCGTTATGGTACTACTTGCGTTGCACCAATGTAGATAGTTCTCTTCCTTGTTCCGCTATTATTAGTGT",84,58,81,53
"311","TAGTCTTGGGGTTATACTATGTTATTCCGGAACCAATTTTACGTATCAGCTTGTTCCACTGTCTGGTTGAGACACATTCTGTTGGTTCAGGGGCTGTCCAATTCTG",144,0,131,0
"312","CGCTTTATATTATAATTTTCTGTCAAGAGTATAGATGAGGGGAATAGCATAGTTTTAAGGTGGTGGGAATTGGCTTTACAGAATTATTGTGTTGGGTGGATCTTTG",43,95,36,101
"313","GTGCATTACAATATATCTATCAAGCTCATTGTAGTTGGGGTGGGATAAAACGCGTCTCTTTGGCTTGATTGGAGGTTATTGGATTAAGTCGGCTCACTATGGATCC",79,49,82,64
"314","AGTTGGCTACGGATTTTAATTGTCTTTACTATTTTACACCTTGCTGCGCGTGATACTTGAGCAAGGTGTTTATACCTATTGTGAGTACCTTTCTCTTTATCGCGGA",42,88,52,90
"315","CCGCCGTGCTTGGTCCCGCCCGGTTGTTTACAGATCTAGGCGGGTGTACATTTGGAGTAGGTTAATCGTGGGGAAACGTGCTGTGGTGGCTTGGGATAGTATGATC",135,0,134,0
"316","GCTAGGAGTTAGTGGTATCCAGATGCTTTTCACTGGTTGAGATTTTACAGCGTTCGGTTGTTGCGTTTTAGGTTGTTTGCTCTGGATAGTGGGTGGGGTGCTTAGT",139,0,128,0
"317","ACTAGTTCCGCTCAGTCTCTATAGGTGAAGCAGTGCAGGATCGTTTTTAAACTAAGGGTGACTTTCAAGTCGATGGTCTTGCGGGCGTTACGGGTTTGTCTGGGGC",133,0,134,0
"318","CTCTATAGGAATCCTAATAATCTGTTAAAAATTGAGATGTGGCGTGTCTCTATTTGAGCAGGTAATCACGCTTGACTATAGCAATAGATCGGTGAAGCGAGTTCGT",115,0,151,0
"319","CTATATTTTAGTGATAGTATTCTTGTTCGTTAGATTTGGTTGTAACCGAGTACAAATATTTTCTACATGTCTTGGTAGTGGCTAGTCTGATGATGGTCGTTTGCTT",51,54,61,96
"320","GTTAAGTGAAAGAATGGGATGGTTGGGCGAGACACCGAGTGGCCAGTTAGGCTTTGGTACTTGGCCGTTAGGTGCTGAGGGCCGTGCTAATAGATTCTGAGTGTTT",134,3,108,15
"321","ACTATATCGTGTTGCCCAGTTTGGACAGGTCCATGTAGACTGACATTTGGCAATTGTTCTGAATTGCTACGGGCGTATGTATTTGATGGCTGGGCGATTATGGTAT",153,0,105,0
"322","TCGTTTGCTAAGGCCAAGAGTGGCTTGTACGCAGAGAAGGGCTTTAGACCCTTGTTTGGGGGCTCGTGAAATTCGCTGAGGATAATAAATTTTCCTTTTGTGGCAC",139,0,117,0
"323","CTCATCGTTTTGAAGGTCGCCTCGGTCGAAACGTGTGTTGTCGTGATGAAGTAGAGGTACGAGGTGCCTGAGCGGAACATGCGACAGCTGCTTTACGCGCCGTTGG",38,85,47,85
"324","TAATATTGAACGGTGTTGCAATTGACTGCAATGGCTGTTGGATCTTTGCTCGTTTGGATATGTTTGTTATCGTAGATGGGGGTTCACGATTTGAGTAAAGACCTGT",103,32,65,53
"325","TCACGTCTTGGGGATCCACCCGCTTTGTTTTCGGGTTTTTATATTGTCGTGGGGTATTAAGTAGTGTAAGATTATCTTTTGGAAAAAGTTATATGATATTAGTGGG",59,66,44,84
"326","CATGTAATGGATAAGATTAGTAATGGCATACATAGTGCTAATATAATTTTTGGTTGGTGTTATAGGATAGATGGCTGTGAGTTCTTTTGGGCCGTACAAGTTGTGG",50,92,44,67
"327","TGTGTTGGTATGGCAGTAAAATCCGTGAGTAAACCGTCTATGGATTCCGCAAATCGTAGGGGAGATTTTGTTGTGTAGGGCGCTTTATTTTCGCCTTTACGAGAAG",33,83,66,71
"328","CTGTAATCCCACCGGGGAAATTAACGGCATTAACAAGCTCGGACCCGGGCGCGTCTGGTTGAGGGGGAACATGAAGCGTCGGAGATGCGACGGTGCCCTGATTGGC",127,0,123,0
"329","ATACTTGTTGCTTGAAAACTGTATACCCGCATGTCTCAAGACGGCCACATTTAGGTGAAGTCTGTTGGCCTGAAAAATTTAGGTTTTAGTTGAATGTTCGTTTCCG",117,0,132,0
"330","TGCATTCATAAAGCAGTACTATGTTTTTTAGCAATCCTCGTGGCTTGGTCGTGCTAGGTAGCTTATGCAGGGCTCCAGCATACAATTGGTGGTTCATTTATTGGTC",91,33,79,43
"331","CTGTAGTTAGAAGATTATGACAATGTTCTTTGTCAAATATTTTTTTACGCGACCGATCAGCCTAATGGATCGAGGGATTTTATGTATTCTGCATTGTTCACTTATG",52,76,53,65
"332","ATTCTTTATGGTCATTATTTAATTAACCCCTATTTCTTGAGGCTATGTTTAACTGGTTACCGGACGCACTGGGCGTTATTGCTTTAATTCAGAATTAATTCTATTC",65,0,69,109
"333","TTCTGCTATCTTTAGCACTGTTACGGGGTTATGTGGTAGTGCTAGTTTTTTATACATTCGTTTTTTTGTTGAGAGCACTGGTCGTGCAAGGCTCCCATTGGGGGTA",129,0,113,0
"334","ACATTCATGTGCTATAGTCTATTACGTTGTCTAATGCAGTTAGTGTAGTTACATCCTGTTATTATACCGTGGGATTATCCTTGATCATCAGGGGTACGGGAAGTGG",117,0,123,0
"335","TCATATGTTTGAGATATCTTCATACTTTTAGTTGCATGTACAAATATTCTCGTTATATTTAAGAGCCTACCAGTGAATGATGTATCGACCGGCTCGAGTTTTCGGA",58,53,57,72
"336","TTGGTGATCATTTTTGCCCAATAATTACGTGTATGTAAGTTGTTGAAAAAAGAGTGAATTATTAATTTTTTCAACAAGCTCTACCATTATATGCGGGTAGTTGATG",39,58,57,79
"337","TCTGCTTGTCTAGTCACATTGATAGTTTGCCGCTGGGATTTGTCGTTCTCCGTTGCTATCTCGGTGATTTTCTGCCAGTAGCGGGCCGATGTGGGGTGACATGTTG",126,0,103,0
"338","TGGGCGATACTCGGGAATTTTTAGTGTGAATAGGCAGATGTTTATTCTCTTGGTGCTACGTGTGTGTAATTTCTTGGTCAGTCGATTTTTAGCGGAGGGTTCCACG",121,0,108,0
"339","AAGTTGTACAACGTGCTCATCCGTCACTTAATAATTATGTTGGGGGTAAGGTTCCACACAGTCTAGAAGCGGGTGACCCCGGAGGGGTTTTCAGTGTCTTGGCGGA",78,38,83,29
"340","TAATATTGTGATATGTTTTTTGTTACGATGTTTAACGTCGCTGGCTGGCCGTGTGGGCTGGAAGCGGGGTTGGTGGAGGCTAGGCAGTGATCGTGCTTTGGGTCGC",126,0,98,0
"341","CCTGGTTATGCACTTATGGGACGGGCCTGTGTTTGGTGGTGATCTTCATACTTGCTAAAGCGGGTGGCTCGATCGAGTCATTGTTGGAGGCTTGTGCTCTACGGAT",117,0,107,0
"342","ACCTGGGGATAAGGCTCTAACGGAAAAGCTTTTTGTAGGAAGAGTTTATTTCGTTGCGTTTCACATTCTTAATTTTTGCGGATTGGTCTTTTCCTTTAGCTTAGAA",88,0,94,40
"343","TTTTTTTATCTTACGTGTCCATTTGTTTCTCGGGGCGGGAGATAAGGTGATACGTTTTTTACAAATTTGAGCGGGTCTGGAAGTTACTGTATTTTGGATTTAGGAT",108,0,111,0
"344","TCTAGCTGTGCGTTAACAGCCTTGCTTGTGTTTAGATTATGGTCGTCGTCGCTTGGCAGGGGGTTGTGGCGATGTGCCACCATTCCAATGTTGGCGTTTAATGCGA",90,16,97,12
"345","AACTGTAATTTCTAATGACTCTGAGGTTTGTGGTGGGTTTTGAGGCACTCGCGTTTGACCTTTTCCCTAAGTTGGTTTCGTGTTAAGTTTTCTTTTTTATTGGGCT",66,0,49,100
"346","GTTTGACTTAAGCCATTCAATATGGATAACTTTTTGAGGACTTTAATATTTCAGTGACTGTCTAGAGTAATCACGTCCTTACCGTACAGAGTATGTGGGTCTTCGA",39,67,33,76
"347","AGCTCGTCATGCTCATGTTGCCGGCGAACGGGCAGCTTGTAGCGAAAAATTAACTGGCGTGTGCATTAGGTCATTACGTACGTTATATTCACTTTTTTGTTTTCCT",74,0,63,77
"348","TGTTTGCCTCATGGGTATGGTTGGCAGTTTGGTTGTTGGTTATCACTAAGGGTAGCTTTGGTTAAATCGTTACGAATTTATGTGTTTTAAGTTTTTAGTTATTGGA",125,0,87,0
"349","AAGCTTTTAGTGTTCTGAACGCGGGTGAATCAGTTTTTACAGGTCTTTTTTTCCTGACTTCCCTTCTTCAAATTCTCAGGGCTGAATATGTCGGTCGCGCCCTCCA",93,0,118,0
"350","CTTGCACAACTTAGTACTGGTATTGTGATGTATTTCATGGGATTCTTGAAGGTGTTAACTTGTCGAACGGTTAGTTTTGGTTCGTATGTTTTCATCAGTTATTCAC",80,3,44,80
"351","GTATCGGGTTAGGATGGCGTATGTTTGCTGGGATTGTATCATGTTGAGGGTTGACGCCCAGTAGCAGTCTTGCTCATTGATGACCCCAGTGCAATCTGGACCTGCG",49,48,62,48
"352","TTCCCTGCCCTAAGAATACGGCGGTTAATATTTACTATTAGCATTTGCTAGTGGTGTTTTCTTTCTTGTACTTATCTGGAGTGGTTATTGCCTCGGAGATTTGTAA",42,64,43,57
"353","TGAATAGTCCAAGGGTACAGTTTGCGGGTGGGGAGTATTTGGGGACCAAATTGCGGTAATTGAAAGGGGTAACAGTGGAGGGGCGTAAGCGATGTCTCAGATGTGT",114,0,89,0
"354","TGGTCTATTTGGTCTCGGCTTCGATGTTGGATCATAAAAGTTACGGGCGTTGAGATAGTAGTGGTTAGGCACCCGCGGGTTTTGAGAAGGTGTGGGTCTGTCTGTA",94,0,108,0
"355","AGAGAGCAGATGTTATTCTTTTTAGGCGACAAACTTTACTGTCTCCACGAGTATTGGCCCGTTGTGGCTGTTCTTTCCCATTGGTTTCTACTTCGTACACGAATAC",90,0,111,0
"356","TGTTAATTAAATTCAATTGTGCTTTTGCTATTTCTATCTAATGTGGTGTATTTTGTTATTCTGTATTCGTCTATCAATAATCCTTCTGATTTTATTAGGGTTGGAA",28,70,43,59
"357","TTGTGGGGGAAATGATGGTTTCAATGTAGCGCGTAGATGACGTTTCTTGGGGACAAAAGTAGCGCTAAAATTACTGGGCTACTCAAATTCCCCTGCGTTGTTGAGT",98,0,101,0
"358","ATGTTGGGGATATAGTGTGACTCTCTCCGATATTCACGATTACAAATCTGCGTTAGGGCCTGATTCGAATTGTCTTTTGGCACTTTTGGCAAAGGTATGTTCATTT",81,3,111,4
"359","ATTATGAAATAGTAGCCAAGATTGTTTTTGTTGCGTTATTTCGCTTTCTGAAGTTTAAAACTTAATATGCTTTGGGTTCATTGGTTATGGGCACTTCGATAATCTG",65,60,31,43
"360","GATATATTGGTGTATGTGATCTTTATTATACGGCGATACGTTTCGTCGTTTGTGGTATGTGCTCATGCTGGTGTCGATCTTAAACGGGTTTGAAATTACTCATGCT",46,61,45,47
"361","TATTGTAGGGTGACACTTTCTCGTATAGGATGAGTTAAATTTGCCGACTATAGAGGCAGGTTTTATTAGAGATGATTTGCTGTTTACAGGTGTATCACGTGGGAGA",101,0,95,0
"362","CTTTGTCGTTTACCAGAATTAAGATCATTAGATGACGGAGTGCTGGTCTGTGGTCGGTGGTTCGGCGGGAAGTGTGGAGATCATTTGCGCGTTGCTGCTGTTGTCT",37,73,36,50
"363","CCATGTAGATACTGTCTTCAATTCGAACAGTCTTGGTGAGCGAGGTGACGGGGCATGCGACGTGGCGTTCTGGTAACATACGGAAAAGACAGTGTTGAGCACAATT",106,0,88,0
"364","GCGTTGTTTACATTTTTGTAGTTATATATTTTCTGCGGCTCACCTATAGGTAAAGCATTTTTTCGTTATGCCATTCGGGTCTCTCACCTTCGGCGTGTCACGAGTC",48,45,43,58
"365","CCATTACTGTGGCCTAAGATGTATGATTCTGTTATTGGAAGTATGGAACAGACACGAGGAGTTTCAGGATTTAGACGTATATGGATCGTTTACTGCCGGATCGCTT",95,4,77,17
"366","ATAGTCAAGCTGTTGGTTTTGCTTCATATACTAATTGATAGGTCTTGATATTTAAGTGTTATGTAGGATATCGACTACGTTGCGGGGGTCTACATTGTTTGGAAGT",71,22,69,31
"367","AGCTGTTTCTATCGCTTCTCGAAGTAAAGTTTTGGTTGCCTGTGTTTATTGTTAATAAGGTAGTAGATATATTTTTTCTGCGATGTTCTAATTGAATGATCTGGAT",39,60,41,51
"368","GTCTAGTGTTTATTAGCGTGGTCTTAGATCTAACTGCACGTAGTCGTAATCTTATTTGCTTTTAGTGAAGGTACAGTCGCACGGAGATAGAATATTTAAATCGGTA",44,41,39,63
"369","GTCCGTATTGTACTTGACCCTAAGGGACTTCTAGATTCATTGGGATTTAGATCTTAGATTATGTGGTGTATGGATCTCAGGGCGGCTCAATTTTTGATATTTGTAT",27,62,34,64
"370","GTCAACTTTTCACGTCTTGTAGCGTGAAAATGTTAAGCCTTTAAGAAGGAGTAATGCGCGATTACTAGTACACGGGCACTTTTAGTTGCGTTTGATTCATGCATGG",47,40,45,54
"371","TGCTTTATATACGCATTACTTGCTGTGGATATCGGTTCTTTCCCGAAACATTGCACGGTTGGGATCTCGGATGTTCGTTGGTTATTAGTGATTATTGGACAGCGGA",73,12,68,31
"372","TTTTGTGTGGTTTGGCAAATTTGCTAGGTGATTCTAGTTCGTTTTCTAATGGGCTGCCCTAGAATTATTCGGCGAGTAGCCAGTATCGTTTGCCAGTAGTTCGGGT",46,0,49,88
"373","ATCCAGGTCGGGTAGGTGTAAGAGAGCGGTAGGATGGCGGCCTGCCTGTGCAAGTTGGTCTGCCGTGTCATATCCTGGGGCTGATGGGAGTCATGGTTGGTGTAGG",102,0,80,0
"374","AATAGGTAAGGGGAGATGCGTGCGTTAAGTTAAAACTTCTGGCTGTTGAACTTCGGGTATTTAAGTTTAACTGTTGTGTTATCCGTAGTACGCTTGAGCCTAAAGT",82,0,100,0
"375","TTTTCTTTAAAAATTTGTTTTTAGTTATTGTTGGAGTGTTAGTAACTGCATTCATGGATTTTCAGGTGGGGAAATGGGTGCAGGTCCAGTTTCGCGTGGTTACAAG",35,57,28,62
"376","TAGGCTTTCTAGCATTCCGGGTTCTCTTTTTTTTTTCATTTTTGTTTCAAGGCGCAGCTTCTTAGAGTGTTGTTGTTTTGTGGTCGTGACTGGATGTTTGTTGCGT",87,0,94,0
"377","GGAAGCTTCCTAGGTTTGTGTTCTTTCACATGTTAACTAGGGATGCATTTGTGAATTTCAAGGCTGTATTACCGGGACTGGATTCGGTACTAGGCTACTTAAGACG",84,0,97,0
"378","GATTGTTATAAGTAAGGATTTCCATTTAGTCGCGTCCCTGGTCATTTTGTCAGCCTCTAGTTTGTTTATCTCTGTCTTCGGTAGGTGTCCGCATTGAGCGATGTTG",75,0,106,0
"379","GGCTTTTACAACTTAGTGTTGGATCATTTTCGCACTAATGTGGAACATTGCTAGGGCATTAAGTGAGCCATTTTTGTGGCATAAAGGTGTACGTTTTGCGGGTAAT",41,49,31,58
"380","TGATGTTAGCGCCCATGGTACCGTGCGACTCTTAGTTACCGACTCGTGCGTGCGGAGAATCTGTATTTATTGGATTCTGTCGGCTTGGAGGCCGTTCAGTTGGTGT",33,63,30,53
"381","TTTTTTGGTATTTCAATCTTTAGCAGAGTTGCATGGAGATGTGAGATTTAAGTAAAGCCCAGGATGATCTCTGGGTTGGTTGATGGGTGGTGAACTTGTGTGACTT",29,44,38,68
"382","CCTTTTTTTGCCTTCTAGTTTGAAGGACTACGTGTTTTTTCCTGTTAATGGATGGCTAGGCAGGATCACGAAGATTGGTCTTGTACGTGTCTCTTTATAGTATGTT",108,0,70,0
"383","TTCAATCGTTTGTTTTCAGGAGCTCCTATTAGTTAGAGTACGTTGAGGTGAATTAAGGTTTAACATTTGTCAGCTTCGGTAGATCCTACTGGTTCCGTCCTCGAGT",96,2,72,8
"384","ATTCTTATGCGCATCGTTCTTAAGGCTACAGTTGCCTTGTATAGGGGGTTCATATGCTGATTCTGTAATCTTTTTTTTTCCCTTTCTCATCATATTATATGGGCTA",99,0,78,0
"385","AAGTTATGCTGGTATAATTTTGTCGTCGGTTGCACTGTTTATATTTTTTAAGTGATTGTCGTACATGGGGTCCTTTTGGGTGATGCAAATATGGACGAGTGTAGTT",92,0,83,0
"386","CGAATTCATCATTGCCTTAATGCTGTTGATTGATGTCGTTACTCTTGGATAGAATATATATTTAGTAGGTGTCCGCTTACTTGTGTCTCTAATAATTCATGATGGG",86,0,86,3
"387","TTGTTCTATTCGTTTATGACGTTGTAGGAGTTTGGGTGAGTCCGGATTTATTTGACATATGCTGGCCCCGTCGTCGAGCGGCTATGGTGGCATAGCAGCGGCGGTT",93,0,72,9
"388","GATAAGGTCGTGTATAGGGCTACCAATAGGGTGAGTAGCAATCGATTTGAATCATTTTTTGGATATTTTAGGGGGAGAGGTTAAAGTTACGCTGTGGTCCTTTAAT",69,28,59,16
"389","ATAGCGGTGTTGAGAAGTGGCCGGGCTCGGAAGTTTCTCATTTTAGCGGAGGCTTAGACGATATGTATTTCGTTCTTAATTTGGTCCGACGGGATGAGGATTAAAC",35,46,37,54
"390","TTCGTGTTCCTTTTTATGTTGTATACGTGTGGCTTAAGCTGTGATTCACAGTGATTGGGCTCGGGTAAGCAGTGACTCCCGGTGTTATTATTTGAACGTGCTGGGT",69,3,83,11
"391","TCTCTCTTTCCTAGTTGAATTTGATGATCGCTTTGTAAATGGTTATCAAGGATGTGGCTATTTCGGCGCTATGTTTGTTATATTCCGCGTGCGGTCTCTAGTTTGT",89,0,72,2
"392","TGACGGGGAGCTAAACAGATTTTAATGTCAAACTGGGTAGTGATCTGTATTTTGGTTTGTAAGGGGGTTCCTATCGGCTGTAAAGGTACAGGGCTCCTAGGTTTTG",89,2,72,0
"393","AATAGATGGCATCTTTGTTTTCTGAACTCTTTTTTGATCTGTCCGTTTAAAACTTAGTGCCATTATAGCTGTACTTGGGCAGGGGATATTGTAGGGTTTACCAGTG",90,0,71,0
"394","CTATCACGTGGATTTCTGAGGAGTTTTTAGTTGTTTATTAATGTTTGCGTTTGATGAATGTGTCTCTTCTTGCAATGTTTTATAGTGAATGTTGCAAAAAGTTAAT",29,49,26,55
"395","GGGATATGTACTATTATCTCTTTGCTCTTAGAGTTTTCGGTCGAAATAAGGTCTCGCATTACTAGTGGGCCACATTTTCGTATCTATAGGTGGGGTCTGTCATGGT",87,3,66,2
"396","ACTAGGAGGAAAGGTTGGATAGGACTTACGATGGGGGGTTTTGTTGGCATACTGGAATTACAGGATCAACGTAACTCGTTGCGTTTGGTATGAATATCTGTAGTGT",86,0,70,0
"397","AGCTTCACTGCTAGAATTGGGAATAGAGTTTGTGCGAAAACTTCCGTAAGTTCGTCAGCGTCTATGTTAGGTGCCAATGTTTTGAGGTCAATCTATGTCAATGTAA",104,0,51,0
"398","GGTGGTATTTTTGCCACTTGGGTTTGCGAATTCAATCTATACTCGTGATTCGGGGGTGGCTCTGCTAGAGATGTCTTCACTGAGGCTCATCGAGTATCGGTCGAGA",27,52,31,45
"399","TAAGATAGAAATAAAGATGGTATGGTTGTGGAACATCGGATGCGGGGGTGACGTACCTCTGCTGTTGCCAAGGCTAAATGTACGGGTCTGAGTTTGTGGATAGGGA",80,0,73,0
"400","ACTAGTGGGTTCGAGTTAGAGTGGGAGAAGGGCGAGGTAGGAACGCTGCTTTTGCAAGTCTGTGGGGGTTTGTGGGTGAGCTCGTAGTGGCTTTGCTAGAACTGGG",26,44,24,55
"401","CGATGACTGGGAATAGACGGCTACCAATTTGCGTCGTCATGTCATGTGCCACGCGGTATGTTTTTGGAGATAATTTACAGCGTTCGCTATCTTAGACTATGTGCCA",16,50,27,56
"402","TGAGACTTCTAGGTTATTAGACAGCGTCAATGGGCTCTTTTTTAGACCTTTTATTTTGATTAGTTGAAAGATGATGTAATTCGTTTGATAGTCTAGTTGCATCTTT",79,0,68,0
"403","AATGTGTGCACTGAATGCTTTAGGTAGCCTTGGTCTAACCTTAGCTGTTCATGTACCACTATTCCATCGCTTTCCACGTATATACGATTAGGCGGGATATCTTATT",78,0,68,0
"404","GTTTTTTGAATCTTGGTGCGTGTGTGGTGTCGTTGCCTATTGTGTCGATCTTTTGCAGGCAGTGCAGTCTTTATGCGGGCACGTGTCGGGTGTCAGTCGGGCCGTC",77,2,64,3
"405","GGGGGGTAATGACAGGGATATCTGGAGTGGGGGAGTTAAGCCGATTAACTCAAGTCAGGAAGGTGGGGGCTTACTTTGTGAGTCGAGATAGGGGTCGTCAAGGCGG",73,0,73,0
"406","GTTAATTTGACATCGTGACATGTGTATTGATGGTTAGTGATTTATGGTATTGTGTAACGATATTAAATTTTTCTGCTGGTTGTAAAGTTGTGCAGAAGTGCGATTT",72,0,74,0
"407","TGAATCTTCAGGCGTAGATGTGATATCGCAGGTAAATCAACTGTCTAACTTTATCCATTTAGTCCGGTTATTGTATGTAAATGGATAATGAGAACCTGGGGTGCGT",73,0,72,0
"408","GCGGAGTTACATGAGTCATGTTATTGTTCTGTGGTCCCCTTGCTTCATATTTGGTTGATTCATAGCCCCTGTGGCTCGTGTTGCTTGAAAAATTAAGCTTGGATTT",74,0,70,0
"409","GGCCTAACAATGTGCGGGAAGGGTGCGCAAGACGTTTTTTTTTACCTATGCTTTTTTGTTTTGTGGTCGAGGCATAGTCTGTTATGTTTTCCTTGCGTCACCGTTC",37,53,18,36
"410","TGGGTCGACCATTTTGAGTGAGTTAGCTATGCCTATCGGTAGGATTTAGTTATGAACCGGTAGTGAACGGTTTGCGGACTTATAACTGTGCCGTGGAGTTTTCATG",83,0,60,0
"411","CACTGATGCATGTCCATCACTGTTGTATCAATCGTGTATTGTAATCGCTTCTCTGCCTCTTCCTTCTGTCGAACATTGTCGCTGGTGAGCTAGCTTATTCGGAATA",64,2,77,0
"412","TTGGGGTCGTGTAAAGGGTAGGTGTAAGTAGATCAATGTAATGCAATTCATTTCTTGCCTTTTATACGAGTCGCGACGTTCTTGGTTGCATTCGCGTTTGGCTGGT",39,12,51,40
"413","TAAGAATATCGTTATTTTTGCTCTCTGTATGGTGTGCGCGATTTTTTATGGGTTTTCAGAGGGTTTATGTGGAGAGTTTTAATGATGTTATTGTCGCGCTTCCGAG",88,0,53,0
"414","GATTTTATTTTAGTTCGGATTCTTAGTTTGAGTGGCATTGGTGTGGCAATACGGGACATATCAGCGTTTTGCAAGCTTTGGGTACAGTCGAAGAGTGTTTTTCTGG",30,32,23,55
"415","TCTGTTAAAACAGTAAGTAGAAATTTCTTGTGTTCTTTCTATGAACCGTGCATGGACTAATAAATTGTGCAGTTATTTATTTTTTTTATGCCTGGAATATGTCTTT",29,38,35,34
"416","AGTAGCTGGTTGTGATGTGAAATAAGTCAAGTCTTAAACCGGAGCTTGAAGTATGGGGTTAAGCTTAATTAGCTGGTGGTGTCTACGTTTCAGAGAGGAGATCGCG",74,0,61,0
"417","GTAGCCTATGAGTTCGTTTCATACGGGCGTATCCGATATCATGATGATTGGGTGTCATATCACGTCCCATTGGGGACGGCGGAATTTGGATTAGGGCGGGGTCTGG",71,0,64,0
"418","TGTATAATTCTTTCGTTGTCATATTTATTTTTGTTGTATCCTGGGTGTGGTCAACCTGTTTATACTATTCTGTTGGATTCGGGTTTTTTATTTGGATTCTCGTAAG",32,42,26,35
"419","ACTTTTTAGCGTTATCAAATGGTCCTATGTTAACATTTTCGTGTCTCATGGGCTGGTACTCTTTTAACGAACATTCTTGTTCTTTATGTTTCTGATCACTGAGTTA",23,25,36,51
"420","GATTAATTGTGCCCTTGGGTGATTTTGTAAAGTCTATTACCCGTCACGTTAATGATTATAAGTGGTAATTATCGTTATGGGGGAGCGAGTCGAGGCCTGGGACGTC",48,11,60,15
"421","ATGATTCCTCTATATTTGGTGCGCTGTGTGGAATTGCCTGTCCGAATTAGGTCTGTTGTCCTAGTCCCGTACTTGTGTAGGACGAAAGATGTGGTTTGTCTATGTT",53,0,80,0
"422","ATTAATGAAGGATGTTAACCTAGGTGAGGTTTTTCTGGCTACTAACTCAACCTGTTGTGGCGTTATGCTAGGAATTTAAATTCTAGTTATCTAATATCGTCAGTTG",26,37,14,53
"423","CATAGATTGCTTCATGAAGTTCTAGGTTATCTATCGAGTATATAAGCAAATTAACCGTAATTATAGATTCTGATGCTGGTGGCGTTTATTGGGGTTTCTTCATCGC",24,41,35,30
"424","TTTTAAATCCTAGCTCGTCAATATAACTTCTGTCTATACAAAGGTTTTTTGTGGATCCGGGTTGGCGAGTGTGATGTACTCTCTACCTTTACGTGATTATTAGCGC",66,0,63,0
"425","TGCGAATGTACTTCAATTAATTCTACCTCATGTAATTGGCTGGTGTTCACGTGTTGGTGAGAAGTTGTTGCAATGAGCTGGGGGTCTGTGGTCTCCACCTGTTACG",58,0,69,0
"426","TCTTGTTCTTTTTATTTTTAGTTGGTTTTTAAGTTAGTTTGCTGTCCAGTGTGTGCGCTGTGTCGTTCGTCTCATAATTGGAGGGGGCGTTATTGTGGGCAGGGTA",28,39,23,37
"427","ATTAACGTTTGGGAAGCTGGTGAGTCTATGTGGGCTTCGGTCAAGGCTTGTTGGGTGGGATCTAGGTGTGTTGAGTGAGTAGCGGGGGCCTAGCTAAGCGGGGGGG",61,0,65,0
"428","GTCATTGGCTTATGTGAAGGGCCGTGTTATGCTGTAATCCCGTGAGGTTCACGGTTTGTCATGCTTGCTCCCTTGAATGTCATTGCGTCAATTGTTGTTATTTGTT",61,0,65,0
"429","TTTGCAGGGAGGGTTTAGTTTGTTTTGTCGAGAAATTTTCGCAACCACGGTTGGTTGCTGGGGTAGGGTGTTATTCGAGGCGCTATATGGAGGGTGGAGGTAAGGA",25,37,19,45
"430","CACCTGGCAGTTATAGAAATGAGTATTTTTACGTTAGTCGGCGTCTTCAATTACCTTGTTTCCTCGTTATAAGTTAGTTTGGTTTTGGCAAGGTTATCCATTAAAA",48,12,51,14
"431","TTCACTGTAAGTATGTGGAGGGGTTTGGTGGTTTGTAGACGTACAAGAATAGACTGGGAAATGCATATAGAGTAGTAAAGCGTCTGTTTCAAACGGGTAGGTCTGT",29,39,23,33
"432","TAATTGACTAGGCATTCGATATATCTGTTCATGCGTGTCGTTTACTTAGTAACTTGGGAGTTATGTAGCTCTGAACTCTGTGATGTGGAATTAAGGTAGTTATGAT",19,45,20,40
"433","TTAGGGTGTATACGCTGTGCGCAATGGTTTATGGTTGAATTCATTCAGGTGTTACGGAGCTCTAGTCTCTCGTATTTTTCTTTCCTGCCTGTCTGCTATTGGTTGG",45,0,78,0
"434","GCTTATTATAAATCACTCAGCATATATGGGGTTATAATTGGTGGTCTAAACTTGGTAGAGGTTTGGGAAAGGTGGTAGTATGCATCTTGTGTGGGGGTTCTAACGC",33,0,41,49
"435","TAATTAGGATTGATTTCTGGATAGTTTGGCCCTCTTCTGACGAGGGGCATGTACAGACGTAGGCTTTTAACATGTTCGTGAGGTGAGCTGTAGCCTTCGGCGGTTG",23,40,22,38
"436","TAGTAATGATACCTAGTACGGGGGATGTGCACCTGTGTAGGTGTTTTATTGGAGGTGTGTTGTAGATGGGGTCAGCTCTGGTGGTGGGGGACCGTTCTAATGATGG",61,0,61,0
"437","GGATGCCTAAATCGGGTAGTTTCAGCTATTAATGTATCTTGGGCTCGTCAAATACAACTGGTTAGAGTTGGGTGCAAGTACTCTGCCTGGAATGGTGGTTTTGAGA",69,0,50,0
"438","ATATTACCGGAGTTGGCGCTGGTACTGTCATGAGCGGGCGGGGGCTACTAAGTCTGGAGGTTGTCTGCCAGATAGGGGGGACCTAGTCTGGCGCGGGGCCCGTGGT",40,18,41,20
"439","TGTAGTTAAGGTTTAAGCACATTTTCTTGAATATCGGTCGATACGTTTTAGATTTTGCTCAGTGTTATGGGTTTCCAGGAGTATGAATATATATCGCGCTGTAGCT",59,0,59,0
"440","TGATTATTTCAAGATTTTTTATTATTTTCTGGTCTAATATTTTTTGTCCGTTTGCAGGACCTACGTTTGTAAACAATTACTGGGCTAAGATTTAGTTTTTGAGATT",31,0,39,48
"441","TTTCAACGTTTGTCCTTCATCGTTTACTGCGGCTTAGTTTTACAGGCGGGAAGTTGAATGACGACATTTCTGTTGTTGTTCTGCTCCTTAGTCATGTGTTGCTGTT",64,0,35,17
"442","TATCTTCTAATTGTGTAAGGTTTATTATCTGTCACGGTTAATGGATTATGTGAAATAATGCGCACGAATCTTATTATAGGTCTCGCTCGTGGCCGACTGTTGTATT",34,0,38,43
"443","GTGAGTGGCTAGGTTTAAAGGCTTCGTTCTATGTTAGTATTTTTGAAATGTGTGTAGGGTCTGCTAGAATGTTGATATTGTGCTTGGAATCTTCTTTTGTTGGGAG",63,0,51,0
"444","CCTATATATTATTGTGTCAAGGTTCCACTGGAACATTTGATCTTGTCTCATTGTTTTGTTTTATGTAGTACAGTAGTGATGAAGCTTTTTGAATATCATTGGTTTG",62,0,52,0
"445","CCGTGCCTGTCATGTGTACAGGTTTCGCCAGGACGAATTATCTGGGCTAGGTTGTAGTTGTTGCAGACTCTTATCCCGCGACTTCTGCGTTTTGGGGTAGTTTTTG",55,0,59,0
"446","TCGCTATACTCTCATAAATACTGGAGGTTTTTGATAATCATACAGACTTTAACCTGTCCGTTTCCATGTTTTTTGTGCATTGGGTGGATGCCTGGGTTCAAAAGGA",28,31,24,29
"447","ATCAATAAAATTTGATGAACTATGTTAAGGTAACTGCTCAGGAAATGGATAGAATAGGGTTTGTTCGCACAAGTCCGTCTGTACTGTGCTCAATTTTTTGGCGGTT",39,11,48,13
"448","ACCCCTGGCGTGCGTGTTTATTTTACTTTTGGACGTAACGTTATTAGTGCTTTGTTTATTACACATGATTCGACTATGGCACACAGGTTGGAAAATTAGTGATATG",21,24,31,35
"449","GGTTGTTTTGCTGGAATGTGGTTCTAATTATGAAAGCAAAGTCGTATGTTAAACTAGATTGGGTGGGGGCATTTACCCATGTAGTAGATGGTATTGGATGTCTTGC",18,36,10,47
"450","TTTTTGATAGTACGTACCGACCTAATGTCAGTACCGTTCCTTGAGTGTAGAAGGATCAGGATTCGAACACCCCGCACAGGAGTGGTATCTTACATGAAATCAAGTG",64,0,45,0
"451","TGGTTGTCCTGGTAAATTTTTCTATCATTATTTTTTCTTATACGTCTCATCACGCTTGGAAGGAGTTATTTAACTGAAGACGCCATAGTCCTTACCTTTCTGATTT",22,32,21,34
"452","AATATAGTAGTAGACCTAGCCGTTTCGAATTGCTCGTCACTCTTCGGTTGGTCTTTTTTCGTATTAACCGGTTTGTGACGTTTTCCTTATAAAAACTATGTGTGTG",54,0,53,0
"453","ACTTCTAAGCGGGGAGATATTCTGGGGTTTGTATAGGGTCAATGCAGAGGGTTCAGCCGTCTGCGTTTATTTGCGTGGGACTGCTCGTAGTGGATTGATGCGGGGC",49,0,57,0
"454","TTATGGTTTAAATTCGAGTTTTTACTCAGTGTTTAGTGGGAAACCGAGTGTATTGTGTCTCTGGAGTTCTACACCTTGAGGAACGATGTAAGACGGTAGAGAATAT",25,21,25,35
"455","TAGCTTTGTATTATGTCGCTTGGGGCAAAGGCATTGCTGTGGGGAGTCTTGCTGGGGATGGAGTTTGGGCACTTTTATGCTTATTGGGGCGTCTTGTTTTTATGTA",64,0,41,0
"456","AAGTGTGTCTGAGGATATGCACGGTGAACGGTTTATGTGGGAATTTTGGGTCCAAATGGATAAGCTTGGGTGTGTAGAGATTTTAACTTGCACGTGAATTCTGTGT",51,0,54,0
"457","CAGTACCGTTAGTTTTTTTGTTGTCCTTATACACAATATGCTTAGTTCATAAGCTATTCTGCAATTAGCAATATCCGGTGCTGATTAAGCCGGGGGTGCTATGGAG",23,35,13,34
"458","TGGATTTTTTATGGGTTCAGGTTTGACTTTTGTAGATAATTCGACTTAACGCGCCTACTTGTTAAGGAAGTCGAGGGGTTATCACTAGTCGTCGGTTAATGCGAAC",56,0,45,2
"459","ATTGGTTGCGATTAACTGCGAAGTGTGTATCCAATTGTTGGACACTGGTTAGTTGTGAGACTGTGTCCCGTGGGCGCAGTGTGGGCAATGCCGAGGGTTGGTGGCG",50,0,53,0
"460","TACGTTAAGTTCATTGCGTTCCTCAATATATCGCTTGCCCGATGTAGACCGAGTAATTAAAGTCGGCTTTCGGCTAACATATGTTGTACGGTACGGTTCGTAATTT",48,0,55,0
"461","GCCGTCTCAGGGTTCTAGAAGTTGTTTGCGGCGCTGGAATGTGATTCGCTATTGTGTACAAGTGCTTGTAGTTCGGCGGGCTCGAGTCGGGAGTGTATGGGAATGG",68,0,34,0
"462","TTGTTCTCTTTGCACGGTGACTATCAATGAGTGTTGGGTAGTGAGAGTCGTTGCAAGGGGTGTATCGCTACTAGTCCCGCCTATGGTGGAGCAAGGCTTTGCTGCA",51,0,51,0
"463","TCCTCTTGCCAGCCAGTAGGCTATGCAGGTGTCGTGTTTTTTAGCCGCATTGAGCTGAATGAGGGTGGCCCGTACTATTGTGTGCCCCTGGAGCCGTATAGGTGGC",39,0,40,23
"464","ATGATTGGTCTATATTTGGTGCGCTGTGTGGAATTGCCTGTCCGAATTAGGTCTGTTGTCCTAGTCCCGTACTTGTGTAGGACGAAAGATGTGGTTTGTCTATGTT",60,0,41,0
"465","GTTTACATTTATCATCAGGGAGGCAAACAGTGACTGTTTTATATTAGTTGCAAGCAATGCAGAGAGTACACAGGAATTGTTACCGATCTGGCGATTATTACGGTGG",26,12,39,24
"466","ATGGGTATCGCTAATTTTATGGTTGATGCGGAGGTATGAGGGCCCGGTCGCGAATAAGTCAAGTTCAGTATATCATCATTACCTCCGTGATTACTTAATAGGCTAC",22,24,17,37
"467","GATTAGGTTTTATTCTAATCGTAGGGCAATAAAAGATATTTGATTGTTTGCGTGCGTAAGCTTAGTAGATGTCATTTTGTTGGGTAGAGCACTGGTGTAGTTGAGT",22,27,24,26
"468","CGATTGGTTGCTAATTTGGAATCGTTGCTGTTTTATAGGTAGGCTGGTCTTGGAAAATTGGTACTTGTTTTTGATGTTAAGGTACTTTTGCACGCTTTTCGTGGAC",31,0,28,39
"469","GTTTGCAATTCTATTTCATCGGGGCCGGAAAAATGCAATGGCAGCTTGTCCCATATGGGAACTGATTGAAAGGTGGCTTGTAAGTTATGTGTAACTACGCTTATAA",48,0,49,0
"470","TTTTTATGTGTTATGTTTTCGTTGATTTGTCAACTAGTGCTCTAAATATAATGATTCGTTTTTTAGCTGGTGTTTTTTGTCGTATATGGTAAAAGAAACTTCCCCG",15,26,14,42
"471","TAGGGTGGCGATAATTTATGGGCGACTTATGTTATTGATTTCCCTATTTAAAAGTTTATAGGTCAGTATAGTAAGAACAAGGTCGGTCACTCGTATATGGTTCGTT",54,0,42,0
"472","TTGAATTTCGTACAGATCTTATATACTTGGTTGATATAGAGCGCTGGACGGACTGCGCAATATAACCTGCGGATGCTTAGTGGATGTCGGGCTGCTCCGGGGGGAG",14,35,19,28
"473","TCTGTTGCAACGCCTTTCATTGTGATATGAAGTCATTTAACCTTTGGGTGCTTCCCAGTTGGTGCTTCGAGAATTGCTGTTTGTTGTTGTAAATATAGTGAGGGCG",29,19,25,21
"474","TATGTACACACCTCTTAGCTTATTTGTTCCGGACAGCTAACTCTGATCTGACCATGTGGCAGGATTACTTATGGTCTTGTTTCTTAACTTGGTTGCATCGTATGAT",34,3,49,7
"475","TCTCCGTGAGGCGATATCCAAGCTGCTTAGTTGCCACTGTGGCCGATAGAGGGTTTTCGGTGGGGCAGCGCCGTAACTTGTGTGCATATGTCCGGACTGAGGCTAA",56,0,36,0
"476","ATTGTTTAGGATCTGTAGATCCCATTATATCGTTGGTATTGTTTCGGGAGCTCGTGTAGGGGGGTTCAAGGGATGAGGGGCTTGGGGCACGGGCAAGGTTCAGTGG",46,0,46,0
"477","GGTACGTCAACGTATATTTCCGATAAGTCGCTGAGCTTGGGTTATCCAGACTCTGATATTAGTACGAAAAGGATTTTTGTCGACGTGGTTTACGTGTGGGGTCCAG",24,29,10,28
"478","TCCTAATAATTAAATTCCCTGTTGGTTAGGAGATGGTAAGTTTTGGTGAATTAATGCCGGTGAAGAGCCAATGGTTAAAGTGCACATTTGTACACAAGATTTATGT",18,24,13,35
"479","GTTATCTCCAGGGGGTAATGTTAGAAGGGGTGGAATAGTTTAGCTACCATAGGCGTTCATTAATCACCAGTCTTTCCGAGTCCTCGGTGGTTAATTACTGCGAATC",38,0,51,0
"480","TGGAGGGTTTTTTGTTACGGGAAGTACTGAAGCTGGACATTATCAGGGGGTTGCAAGGGGAATGGGTAATCCGGGAATTATTGTATTTTATATCCCCTGTCTTCAT",15,21,22,31
"481","TGGTATTTGCCTGAGTGGTCTGAAGAAGGGGGCTGCCGACAGTAATACTAACGGGTTAGGGGTGCAGAAACCAACGAGTGTCCGCTTCGTGGTGCTCGACCCCGAG",50,0,38,0
"482","ACTTATCTTGTTGACACGTTTATGGTTTTTGTAAGACGACTAATGTATTGCAATCACCGGTACCTATTTGCACGTTATTGCAGATATCTTGTCGGTGTGAAGGTGC",46,0,41,0
"483","TCCATAAATTGTCTAATCTATTTAGTAGTACGAGGATACAGATTTGATGCCTGCATTAGTTGACGGAATGGCTCCCTGACGGCGGCTGAGGTGGGTTAGGTCACGA",45,0,42,0
"484","GTTTCACGTATAATTGGTTATAACGTCAATTTCCATCTCTTTCATTTTGCGCGGGCATTCGTGAAATTTTACATGCTTATTGCCTTCCGCCTTAATGGTTCATATA",39,0,48,0
"485","GTGTCTTTGGATCCAGTTTGGATGGCTATATTGTAGTCTGTCTAATTGCTGTGTGAAGTTCTTTTTATGGAGTTTTATTTGACGTTCGCGCGTGTATCTGTATTTT",36,0,51,0
"486","GCTCGAAGTGGTTTGTGTTTTTTGTTTCATTTTGAGTTGGGTTTTACGTGCAAGACCGAAGAATTTTATGTCCTGTCGGTAGCTTTCCGTTATGTTTGTCATCTTT",15,29,19,24
"487","TTTCGGGTTGGCACAATGTCCGTATGGAATATTATATAAGAGAACGTAAATTCGTTTTAATGGTTAGTATTGTCTAGTCCGATGTGGGACTCCATCTTAATGGGTT",24,23,11,28
"488","CTATTATTGGGTAACTTTTGAATATATCTCGCCTACCAGGTACAAGTATTCAGTTGAGTATGCCGGTTCTGTCGACCTATCCACCCCTTTGATTCAGGGGTTATGC",12,30,11,33
"489","TTCTGTTTACATTGGGTCTTCATTGTTGTGTTCGGGTGTTTTTCTTTCGGCGTTTTTAAATCGTATGGCTCCCTAATTGGCTGTTCCCTATCCGAAAGTATCTGAT",43,4,34,3
"490","CAACTGTTTGGGAGTGCGAGCCTAATTGTCTTTGCATTCTTGTGGTGGAACTCGGGCTAATGATATTAGTGTAATGATATTTTACTGAATTTTTTGCAGACTGGTT",42,0,42,0
"491","GAGTTTTATTCTCGCAGATGGGGTTTTGTGGAGGGTGATTGAGTTGGCTATGTATATGGGTCGGTACGCTTGTAGAGAGGTATGTATTCTCAAGCAGGGGGTTGTG",12,11,24,36
"492","GTAGTTCAGTGTTATGTTAAGCTTATTGGGGATATTAGAAGCAGCTATCTTGATCTCGGTGTAAATCTATATTATCAAGCCGTTTTGATGGTCAATCGTTTTGGGG",46,0,36,0
"493","GGCCCAATATTAGATTTTGTGAGCTTGTGTTCTTTCGACTTAGCTGTATTAGCACCTTGTATCGTTCCATATTCGAGGTTCTTAGCTGGTACAGTATGTTTGGTCG",39,0,42,0
"494","TTTTGCAGAAGGTACATTATGTACATGGCATGTGTTTTTTGTGCCAGGTGTTCAGAGTCCGTGCGGAAGGTTGAGTATTCTTTTAGCGCTGTTGTGCTTCTTGGTG",54,0,26,0
"495","ATTTAGTTTTGTCATTGTTATGTGGTGGAGTTGGTTAGGCATGGATCCTTACCATCTTACTTTGCTTTATTGGTGATAGATTGAGCCCAGGGTGCGTCTTGTGCTT",45,0,35,0
"496","GATAGTTGTTGTTGTTGATAATCTTTACAGCGTTATACTGCATAGGTGATGGCTTTGGTGGTTTGGGACTCTTGGCTGGTTGCTGGATGCTCCGTGTGGGGTACGG",41,0,36,2
"497","GGTTCTGAGGTGCACTTAATGAGAGTTATTCCTAATCTGATTTGACGGGTTGCTTCGTGGTCCTAGCATGGGCGTATTGCCGACCAGGGCGTAGACTGTGTAACGG",39,0,37,2
"498","TTGTGTATATTTCGTTCAATTGTAGTGTTGGCCTATATTTCAGTGAAAGTAAGCTTTGGTTGATTTTACGATGAATTTGGAGCATAGAGTTAGTAGTTGTGGCGTC",37,0,41,0
"499","ACCCTTAAGGTTGTTCCGTCACTTTTAAGTGTCGAGTTGGAAGTGTCGAAAGGTAAATGTTTCGATGGAAGGTGTTGTAGCTTTGGTGTGTGTAATAATTTAAAAT",20,13,25,20
"500","CGCTCAGTTCTGGCGGTAGACTGTAGTCATGATATTGTTAGACAATTTGTGCGAGCAGGACATGATGGTTTCGGATTCTGTGTTTTCCGTGATTCTTCATTATTAT",11,29,13,25
"501","GATGACATTGCTGGTAACTAGCAATAAATTTTATAGGGGCAAAATGTTTAGGCGTCAGGACGAAGGAGGGACCGTGACAGTACGCAAATTTAAAAGGGTACTTAGG",14,25,6,32
"502","GGGTGGGTAGGGACTTTATGTGAGTAAAAGTTCTTAATGGTGCGGCTGCCATGTGGGAATCGGGTAATACCCTCCCACTGAATACGAAAATTGAGGTATGGATTGC",46,0,30,0
"503","TACATGTTAATCTGTATAGCTTAGTGCCATGACATTGACGATGTGTGTGTGCTTGCCTCCTACTTGCTCGACTGAGGTATGGTTGCCGGGCCTGCGAGTTCGCAGT",38,0,38,0
"504","TTGTATTCTTGTTTTTTGCTCCTTCTCGTACTAGGGGTACTCTTAGCACTTGATGGTATGTTTAAGTTTTCGAGCTTGTGTTTGTTTCGCGATTGAGTATGTGTAA",14,24,11,27
"505","GTTTTCAGCGTCTCCTGGTTTACGTTTTTGGTGTTCCAAATGTCGATTTGATTTAGGACAGTAATCTCGCTTAATCGGGTAGGGGCGCATTAACATTGCACTGTGT",26,13,14,22
"506","TCACCCAGTTGCGCATGTTAGGTTTCATTCCAGTACTCTTCGTATGATTTGGTGATTGGGCGGTTGAGGTCATTCTGAACTAAATTTTATGATGTGGCTTGGACGG",21,11,21,22
"507","TGTCAGTCGTGAGCCTTAGTACTTGGGGTATGTGTGAATATATCACAACATCCACGTAGTGGTGTTTTCTGGTAGCTGGACCAAAATATAGAAAAAGATGGGTTAT",38,0,36,0
"508","AGCTTGGTCGCGTTGGTAACTTAAGCTTCGGACCGTTTGTAATTCTCCCTAAATCGGTTGTGATAATTATGCTTGTCGTCGACGGTGGTCTCCGGCATCGGTTCGC",20,30,9,14
"509","TGAAAGAGCTTGGGCGCCTGGAAGAGTGGTTATAGGGTCTGGTTCAATATATCTTTCTCTCTCCTAGTGCTTGGTTGACCTTGGTGTGATCGGTCTATGAATACAC",19,10,22,22
"510","GTGTCATTAACTCCCAGTCTTAGCAGTATGCGATTGGTTTTGAATTAGGGATTTCTGTAGGGTTTCGTGCGATTCACGACGGCAATCATTGATTGGACGATTTGTC",37,0,35,0
"511","TTTTTCCCTATCTAGAACTAGCGAAGCGATAGTATATTCATCCGCAAAGACTTCTGGAGTATGTATGACAAGTATATGTTATGTGATTTATTAGATCTTGAGATGA",30,0,42,0
"512","TGGTTTGGAATTTCGGTGGTACAGATTTGGTACGTGCTTCATCTGTAAAATGTATTATTTCGCTCTATTGTGTGCAGTCAGGTTTTGATGACATAGTGATGATAAA",42,0,29,0
"513","TAACACCCTGGTTTGGCGTGTTATTTGTGGGGGATTCGTTCTTGATAAGTTGTAGTCTGTGTGGTCTGTTTTGTGTGAGGCAACTTGCTTAGTTGAGTGGTGTAAT",23,0,20,28
"514","CGTCGATCCTAGTATTTTGTCAGTGTCTTTGTTTGGTATGTACTTGAGGGATAAGTGCAGGGGATGGCGATACATTATACAGATGGGAGGTTGTCATCTTGTGGAG",20,0,20,31
"515","CGCGACGTTTTTGCTTTGCTCTACGGTGGCCTGTTGAATAATGTCAAGGTCAATAATAAGCGTTCGAGGTCATCGTACGATTATAGGGCCTCCATCAATTCGTACA",17,17,20,17
"516","GACCGGATTTTTGATACGTTCTGCTGGTCTGTCTGCCGTGGCTTAATTGTAGGACTTCGATACGAGTGTGTGACGTTGTTATAGGGTGCTGATTCGTGAAATTTGT",36,0,34,0
"517","GGATGTTTTTAGAGAGTAATGTGGTAAAATCCGTCTGGATGGGTAGGGGTTGTTAGACCATAGTTCTGCTCGTTGACAGTTGATAGTCGTGGACGGTTTCGTTTAT",28,0,42,0
"518","TCACTAGATATTGATTCTTTGTTGAAATTATCGTTTGTCAATTAATTGTTTATAGGCATAGTAAACGATTTGTGTATAATTTTCAATATTGATTGTGGTACAGAGG",21,16,10,23
"519","ATTAGTTTTCTAAATTGGCAAGCCGGATCGTTTGATATTTTCTCATTGTGATGGTTTCGTATATTTTCAAAATTCTTGGCTTGTTTTATCGACGTCATTTCTTGAT",14,16,17,23
"520","TTAGGTTGTAAAACGGGATATGGCTCCATTTCATGGGTGGTCGATTTCGATGTTTGTAGGTTAGATGTGTGTGGGGGCATATCTTCTTATTTTAGTCTAGTTATTT",35,0,33,0
"521","TTAAGCACTAGGGGGTTCTATATATCACTTTTCTGCCTAATGGTCTTATTTATTATTTCTGTCGCGACATTGTTTCCCTGTCTATATGCTGAGTGTTTCTGGTCGA",35,0,33,0
"522","GTAGCTTTGCCATCACGGAATGTTTTCTTGTCCTGAGGGATATAATTTGAGTCAGGGGTGTAGCAGTTTCAGGCTCGGGGGAGTATTTTCAGGGGAGTTGTTTTAG",27,0,40,0
"523","ATAGGGTTTTTTGGGTTTGGAATGGTGGGGGAATCAGTAGTTGTATGCGTAACTACGATGTTCTTCATGTTTCCATGGCTATAGTGAGCTTTGTACATATGCATAT",17,14,16,20
"524","TTTTGTCATATAATTAATGACTGTGGGGGTCAGTGGTCTGGTGAATATATGTATTCGGTGGACAGGCATAAGGTCAGAGCGTGTCCATGGCAGCAAAGCCGTAGGG",34,0,32,0
"525","TTTACGTTTGTGAGACGGTGTAAGTTTACTGTTAGGTGATCGGGGACCTTTGTTTTCCGGGTATCCACGCGTTGCCCTGTATCAATTGATATCAGCCTTTTTTGAG",21,0,21,24
"526","CTTAGAATATTTTTGATAAGAGGTATGTTTTCACTATTTTCTCGTCTGGTTGTGCATTAGAGGGACACATTGGAAACTCTTCCAGTTCATTAGTAAGCGTTGTGTG",31,0,34,0
"527","ATTTAAGGTACCTCTTTTGGACCGAGCGTTTGCCGTTCATTGTGTTATGGTTGTTTTTAGATGTCATCTGGGTTAGTTCAACGGCTGTTAGTTTTTAATACTTACT",12,30,6,17
"528","CACGTAATAGTTTTATTTAACGTTATTACTTCGAACTCTGATGCGCGTTCTATGGGCACTGGCGCTTGAGAGTAGAGGACCCCCGCTTGCGTGTTTAGAGGTACCC",39,0,25,0
"529","CTGGGAGGGTGTTCATTCACGGATGTTCATAACTACGTGTCAGGGGTTAGGAGCGGTGCGATGTAGAGATTTGACGTTGAATATAGCCCGGCCGAGCGCGGTTGAT",30,0,34,0
"530","GTCTTCATGTTGGACTGGCTCGGGTAATTGTGGGGCTTTATGCCGATAGGATTAGTTTGCTTTTTTCGAGCATTCTAAGCTGACAGTGGGCAGTGTAGTGGCCGGA",13,13,13,25
"531","ATTCTGAATATGTGACATTAGTACATGTGGGGTAGGGATTGTCGGGCACTCTGGGGATGAGGTGTGTCCTGGTATATGGAGTCCTGATTGGAATTATTTGGTTTTG",34,0,29,0
"532","CATTATAGGCCGTAGGGTTGTTTTTGTGGGAGTTATAAGTGTGATGCCCATGGTTGTGCGCGGGGGACTATAGTGTCACACACATAGGTTCCTATGGAAGATGTGA",34,0,29,0
"533","CTATGTACGGGGTATTTCTAGGTAGATTTGTGTATGCTTGGAGCCTTATTTTAAATCGGAGATGGTGTTTTGGTCCTACCCGTTGGCTTTGTAAGTTGGGGTCCCG",25,0,38,0
"534","TTATATGCCTGAATGTGGGGGCCGGTCCGAAGAGGTCTCATTAATAGGTGAGGGGGAGTTATGTTGAGTCAGAGGCGGGACGACCCAGTGTGGTTGCGCTCAATGG",31,0,31,0
"535","TAGGGTATAGTTAGTTCCGTTTCTAGTGATTTGCGTTAGTTAAGAGCTAGTGAGGTTTGTAACATAGGCACTGGTTTCTTTTTACCACCCGCTGCGGAGAGCTGTG",19,2,26,15
"536","GGGTTGTTATCTCTGAAAAACGGCGGAGATTGAGGTTAGTCGGCTCTGATTAGGCCTCCCGGGGGGATAAATGACATTGTCTGAAGTTGGGAAGCTGCGATCGGGT",34,0,27,0
"537","TAGTCGGATGAAATATTGACTTAATGTTGTAAACGACTTTTCTCATCCCTTGAAGGTATGCCGGCTTAGGGCGGGCTTGGTTATGATAGTACAATTTCGGTGGCTA",31,0,30,0
"538","CTTTTTGGTGGCTATGTGTTGTCATTTGGGAGAGTAGCTGTTCCGGTCGTGATGGGGCAGGTAGGTGTTGTGTTAGTGTAGTGCCGACTTTGTCCCTGGGATTTGT",14,16,9,22
"539","TATGTTGGGTTGCGGAGTCCGTGGTCAGCCTCTTGCTTTGTGCAAGTGTACACGCCGTGAGTTGTTGTTGTAGATTGTTTCGCGCCTGATTGCCGTGTACGATGGG",11,27,16,7
"540","TGGATTCTGGGTATCTAAAGGGTGTTGGAGTTGAGTATTGCTAAATGAGTTTTTGTAGTATCTTTATTTTACGTCTCTCGGTGGTACCGAAGGGCCTAGTTTGGCA",32,0,13,15
"541","CGAAGATTGTGATTAATCACCTCTGGTTCTTTGTGTCCTATACTTAGGGTACAACTGAGTTTATTTGTTCTGTAGAAGTGTCGGGGAATACTCGTGGTTGTGGTGG",28,0,31,0
"542","CGATTGTCTTTTATAGACGAATGTGTTATGTGGCTTTGGGAGTGGCGGAACAGTTTACTAGGCTGTTGTCTGTCTAGCTTGAATTATAGTTTTCGTTGTAGGATTG",22,12,8,17
"543","GGGCCACTTTGCAGGCATGTGTCGACCACTGTTTTTCCCCCCTTGTTTTGTATGTGGACAGTTTTGTTAAAGATCTCCAGCGCTGTACCGATGGGGAATTCGGTCA",24,0,33,0
"544","TTCTTTTTATTCTTCGTGCTTAATCAATTTCTCGATCATTATTTCATGGGGACTACGCTTGTCAGTGTATTTAATAGACGTTTGTTTCCGTTCACGCTACATGGTG",32,0,24,0
"545","TCTACCCGTGGTGGATTCTTCTTCGTGTATTGTGTGTCGGTAACTAGATATGGCGCCAAGCTTGGGAGTGATATCGCTGCTTTGGTTATAATCATTCTAGCTCGTA",26,0,27,3
"546","CTCGCGTTGTTAGCTTTACAACTGGTATTATAGTCGTTGTCAATTCGTGTGTTTTGCCGTGAGTCTGTTTTAAATTATGGTTATGTGGTTGGTCAGTGTTCGGCAT",16,0,38,2
"547","TGTATTTAGGCTGTAGGGGGCACGGAGTGGTCACGTTAAATTTTGGTGTTGTGGGCCCGGTTGACGTGTGCGACTTGGTGTGCAGATTTTATGGTCCCTGAGGTCA",9,14,9,24
"548","GCTTTGGGGATCCTGTAGGGTTGGGCCTCAGTTTCATGTATAGTGTGAGCTTCAAATGGTCTTCGCCAGCCATCGACTGGCGCACGTGCGTGAGGTCCGTGTGTAT",9,16,10,20
"549","TACCGGCGCGAGTTCCCTCGAACGCGCCTTCTTTATTCCTTACTCTGTTAAGGAGTATTAAATCCTAAGTTATTTAGATTTTTACTTATATGTGTTTTCCTTTCCC",24,0,30,0
"550","TGTCCTTTTTTAAAATGTTCTTCTACAGGTTTATCCTCTCACGGCCTTTAATTAATGCCCAATATTTGTCAGTGCTCTCTACCTAGGGACTTCGTGCGGTTTTTAG",17,13,3,21
"551","TGTTGGAATTTGGTTGTATAAGACCTCCATGTTCCGATAAGAATTAAAGGCGGACAGTCTTAATTTTTTGGTCAGCGGGGCCTATTTGAGGGCCTGCTAGTGTGTA",15,7,16,16
"552","TTAGTGGACTCAGGCAGCTGGGGATGGGGGTGTGGATGTGAGTGGTAACCGTTGGGCGTGGCATAGGGGTTGGGGGGTGATTGGCGTGGTGTTCGGACGTTTCATT",12,24,8,9
"553","ACATCATAGTTTTAGTCAAGTTAATTTAGTATCGTTCATATTTACTTGATGGAGGTATATTCCTGTAGGCGGTTAGGGACTTGGTCTAAGTAGATGGTTTACGGCT",25,0,26,0
"554","TCTAGCCTTGTAAGCGAGAACTCTTTCGTGAACGGTAATTTTAGGCTTTGTGAGATTGTTATGAATAATGTATTTGATTGTCATTAGAGGCTATGTTATGCTCTGA",24,0,22,5
"555","TCTATGTTGCATATTGCTGTTTGGTAAGTATGGACCGGCCCTTGTTTACGAATAGGAGCACTTTGCCTATTCAAGTTCAAGTTAGTTGTTCCTGGGTTGAGCGCCA",15,0,15,21
"556","AATTATTCCAGCTTACTATGGTGGTAGCTATATGCTGTCGGGGCGTTCAATGGAAATAGAAACTAAACACTCTTATTAATTTATATGTGCTGTAGAGAATTTGGCT",7,13,10,21
"557","TCTTTCATTCTATGTGTCGTAGAATTATTATGGTATGTTCAGTTATTCGGGATTCTATTAAGGGCTATCAGTTGAGGAAGTGTAGCGTCGTGCTGTATCTGATTTC",7,13,7,24
"558","TTATCCATTTTCAATGTGTTCTTGTGTTCGACCGTACTTTGTATGTTGTCGCTTTATATGCTGGGGAGAAAGTCGCGTAGTACAAGACGCCAGTCGAACTACCGGT",9,16,10,15
"559","TGGTACAGTCACACTTATCATTGTTGTTCATACGTTAAACTCATGGACACGTGATATTTGGTGGGCACTCATTTGGGGTTATGGATCCGCCTCTGAATCCTCTAGT",27,0,22,0
"560","ACTTCTTACTTCGGCGCGTCTGATACGGCCGATATGACTGGTCGTTTATCGTGTAGGCGTCCGGAACCTCAAGGGGCGAGACCCTATCGATGTGAACCCGTCTGTG",24,0,18,7
"561","GTTTAGTGGCGTGAAATTTGTCAGAATTTGACTCCGTATTGAAGGCATTTGTTAATCCATTATTTTTGTAGTATATCGGGGGTAGGTTGTGTTCGATTGATGCCTT",15,0,34,0
"562","TCAGGCCCGCGTAGCTTCTTTAGGATGAGTAAAACTCAACTTTGATGAGGATCATAATTAGGTTGATTTTAGAAGGGATTACCTTGGCTGGCGTGGGTACGCATCT",13,13,12,11
"563","TAAGGCCATTGTAGATGTGTCGCTTCGTTATTAACATGTTAGACCATGTAATAGGGTCAAGCCCTATTTATGGTACCTTGTGGGGGCTCGTCTGGCTGAGGTTTAT",31,0,17,0
"564","CTTTTAATACAAATTGGGAGTGACTATGTGAAAAGATTTGTTTGTCAAGAATTTAGTATGTGGGATTAGCGGCGCTCTTTTGTAAATTACGTCAACATTCTGTGTG",29,0,18,0
"565","TCATACTCTTCTGAGAGGCGGATGGCTTAGTATTACGATCGGTCAGATCGGGGAAGCAGTTGGTTGTTAAATGTGTTAGGCGCTCGCTGTCATCGATGCACATGTT",24,0,23,0
"566","TACTTTATATTTCTGTAAAACATTTCTGTAGCCTTTGTCTTTTATGTTTAAGCGGTTCACTTTAGCTTGTGCATAGTGCACTAAATGCTTTCGTGAGTGTGAGAGC",18,0,29,0
"567","ATGTTCTGCCTGGGGATAGAATCTGCCGGACGGGTTACGCCGTTCGTTATTCGTGCTTTCTCGAAAAATTAGACAGGATTGATTCATCATTTTATTTTGGTATGTT",25,0,21,0
"568","GTTTCGAATTCTATTGCTGTTGTTGAATGCACAGGTTAACAAGTACCTCCTGGATGTATTTAAGTTGAACGATTGTGTAGAGTGTGTGTGGTGAAGTTCATCCTCT",22,0,24,0
"569","TTGGTTGGATCGCAGAGTGCGTAGATGTCTTAATTAAGTGTTGCCGTCCTGCTTCATCGGGCAACGCTGTTTCAGTTGTGTGTTTATTGGTGCTTGTATTGGCTTT",21,6,8,11
"570","CTCAATAGTTTTTAGATTATAATGATCGATGGCGTTTAAGACCATCATTTCTAAATATATAATTTTTATGACCCCGTCTTATGCGGATCTAACTTTCAATGGTATG",13,0,14,19
"571","GAGGGGGTTAAAATGCTTTTTTACGTATTCTATGTAGGAAATGGGGCTAGTTCCTTTCTGAAGTCATTCGTCCTAGCCGAGCATGGAGGAATCTGCGTGGGGTGGG",12,11,10,13
"572","AGTTACCGTGGTTTACTTGTGTCAAAGTTGATTGATGTGTACGATTGATAATGAGCGATCATCGAGTAATGTGGCTTTTTTGCATAGAGAGATATGCAGCTTGTGC",11,13,4,18
"573","TGGGCCTTCGTGTTATGCTGCTTATTTCAGAAGAAAGTGTAGAGAGTATGTAGATCGGGTCTGTATATTGTGGGTGTTTCTTTTTTGTAGATTAGCGCGTGTGGAT",8,16,9,13
"574","TTACTCAGAAGAATCTGGGTCTTCCCATTTAGCTGGGTCTTGGAAGTTTGTGGAATCATTGCTGGAACTTCGCGTAGTGGGGGTGTGGCGTCGTGGATATTACTAA",30,0,15,0
"575","TTATGAGGTCTTTTGATTGTTGTGAGTCTCTCAGGTTTTCTGTGTGAACTGTTTCTGGGGATCAGGTGGACTGTTGGCGTTGGGGTGTGTAACTGGCGGCTTCACA",8,9,10,18
"576","TCGGGTGTATAAGGATACTGCTTCTTCTGTAAGTACGATTTTGCAGCATGCTAGAAAGTGTGGTATTTACGACATCGAAATCAAGGTTTTATGTTATAATAGAGAT",23,0,21,0
"577","TCTGTTTTTGGATACCGGTGGTTTGTTCGGGGCTACTCAACCTCAGAGAGTTAATGGTACTTATGATGTGATAGCTAATGATATCATGGAAGTCTCGTTTATCGAT",15,10,6,13
"578","TTTATTTGGTATTTTTTGATTTGGTATATGTATTTTACTTTTAGTTCCGTTGCTTTTTAAAGTCGCCTCTTACCTGGGCAATGTTTTTCCGGTTCACTTTTGGTTT",6,10,7,21
"579","CTGGTTGTTTGATTGAGGGGACTGAGGCTAATGCTGCATGAGGCGTCTTAATTAGCGTATTTATGGCGGCCACGGTCCATTGCAATATCAGCCATTTGTGGATGGG",5,14,9,16
"580","CATAAATGTTTTTTCCGCACAGAGACTTGTATGATCTTAAGGGCTGATCAGCCATTTTTTGTTAGAAGAATTATATCAGGTTCCTTTTTTTTAATTTGTGCCGAGC",26,0,17,0
"581","AGCGGTTCATGTGCAATCTCGCTGTTTTGTCATGTAGCATGGTTGGGATTTTATAGTGTAGGGGGTGTTGTCCGAGGCGGGTAAATGGCTGTTTCGTTGGTGATAA",23,0,20,0
"582","TCCTGTTTTTCGGGTCGTGTTTTGATGCGTATATGCTACTTCAAATGGCGTATAAGGATAGAATGTTCTAAGGAAGCCGTAGTTGACTAAAGTGGGTATCGGGAAT",20,0,23,0
"583","TCAGTGAATTGTTTTAATTTGTGTTTGTGGGGGACCGTATTTCGCGGGAACGTCTGTGTAGGGACTGCGGAGTAACAAGGAGCTGTCCGTCACAGTTGGCTACGAA",14,0,23,6
"584","AGGGGTAGGCTCATTGCATCCATGTTTATCGCCGTGTTCGTCTCCATTCGTCTTTATCCGAGTATCAAGAGTAGGTCTATTATCTCGTTATACTGGGCTACCTATG",10,3,12,18
"585","TGGGACCGCCTTGGTAAGCTGCATTTTAAGGCTGTGGTTCGCGTGGTAGTTTCCGGCTGGGGGGACTCACGTTGTCTTATCCAGTGCCGCGCTTGTAGGCAAGCCG",8,21,7,7
"586","TGTAATATACATGGCTTTAATTTTCTTTGCTATATATGATACGTGGTGTAAAACCTGGTGGGCTTAGACAAAGGTAAATCACTTTGTTACTATTTGATTGCCTTGA",28,0,14,0
"587","TATGTGTCAATTTAGTGAATAGGTACATACGGCTTGCTGGAGCGTTAGCGTATTTTTTTCGTTGTTATCAGTTGTGACCAGATATTGGTGGCATATTATTAGTAAT",18,8,16,0
"588","TATGCTTATTTTTCCTTGTGTCGTTGTCTGAGCTGTGTTAGTTACGTCGACTTTCCGGTTTGATTTTTCTTTCTTTTCTGGTTGGGTATGTCCTGTCAATTCTGGG",15,10,5,12
"589","TGGGTCTTTATAGCTTCTTGTTTAGGCATTTATTGTGTTGAGTCATGTATAGGATGTGGGATAGCCATTGTTTTCGGATTTACTTTGGTTTTTCCATTATTACTGG",25,0,16,0
"590","CAATTTGAAGATACCGGGTTTTGGTTTACTGGCATACTTTAGACCGTGAGTCGTTAGAATTTTATTATCGGTCGTTTCTCGCGCTGAGGCTAGCCCTGTAGATTCT",19,0,21,0
"591","TTTTACTGAGAGTTTTACTGGTATTACTCGGTAACATTAAGTATGTGATCTCGGTGGATAACAGGTTTCGGTCAGGCTGTGATTAGTCGATGCAATCACAGCGGTT",17,0,23,0
"592","ATAATACCAAATCGTGCTACTGGTTACATGCATGGGCTAGGTAGTTACGAATTTTATTAGTAAGCATAGTTCTGTTTAGTCATTATAGGGTGATGTCAGTCTGAAC",11,4,17,8
"593","TTTGTGTGGATAAACCGTTTGTGTTTACATTGACATCAGTTGATATAGCGTTTATTTTCTTCTTCGGTTTATCGATAAAGATATTAATGTGAGGGCGACTGAAGAT",10,8,9,13
"594","AATGCGCCAGCATTGAGTTGTTGGGTCGCATCTAGGGGACAGGTTACGTTCCTCTTGCCTCTATGGCGGGTGGGATTCATTAGCGGGTTTAAGTTATTCACAATTA",10,17,2,11
"595","CAGTCACCAATAGGATTTCCAGGGTGTTTATGATGTGGAATGTGGATGCTGGACGTCACGTGTGTGTTGGAGGTTGGGATGGGATTACCGTTCTCTGTGTACAAGT",8,7,10,15
"596","CTTAGTAGATGAGGTTCGTGTATCTAGATATTGTAGTGTTACTGGTTAACCGCGTAATATGTTTTGAGGTTACTATAGTGAGTAATTTTTTCTAGTAGGATATTAT",26,0,13,0
"597","ATTGATCGTTTGCGAATCAGTATAGCACACTGTCAAAATGGAACTGAGCGAAGGGTGGAAGGTGTGGGTAAATACTTTCCTGTAGAGCGCGGGGTAGCGGCGTGAG",24,0,15,0
"598","TCTACATATCTACCAAGTTTAATGGATCAAAGTTATCTGAGATCGATGTCGGTTTTTAATAGGTGATCTAATGTGGGGCCTACGATTTGGGTGTACTGATTGGAGC",9,10,7,13
"599","GTGTGAATATTCTTTGCGTGAACAAGACTTTAGTACGTGCTTCTATCTATCAAGGGTTTGGTCTGAGTATGTAGTTAGGGTTGGAAAAACTTCTCTTGCTGATAGT",22,0,16,0
"600","AATGTTGCGGCGATCTCGTTTGTTTCAAGCTCGGGTTACATTGTTATTTGGTAAGGCTGGCGCGACGCACTTTTATGACCAGATGGGTGGCCCCCTTATGCTTTGA",18,0,13,7
"601","AATGCTTATCTTTAAGGATAACGGTTTTAAGGTAGAGCTTTCAGGATGAGTTATGAGCAAAGCAATGTAAGGGGGATTTACGATGCGCAAAGGTGTGTGGTCTGGG",14,0,24,0
"602","AAGTTTGTTTTGAGGGGGTCGATGTTGGTTTTTGGTAGGCCCCTATGGCATCTTCGCCAGTTTTATTGTTGTTTTATAAGCCCATCCTACGAATCGCGGATGTTAC",6,8,11,13
"603","ATGCATGGAGTGCGGTGAGTGCTTATTATTCTGGACTAGTTGCGGACTTATGATAGGGGTTGTATTTGTAATTTTTTGCTATTCGTGTTGCGGTGGATGGATTGTT",22,0,15,0
"604","TTATTTTATTGTTTTATGTTTAAGTGGGGACAATTTCGCAGGAAGCGGGTAAGAGATCCTTATCGCCATCTAGTACGGTGGGGTGTGATTGGTGGGCATGGAGTTG",18,0,19,0
"605","GTGAGGGTAAGGTTGTCTGGGTCGCCAGCACTGGACGCAAGGGGCTCCGCAGCTGACTCCCTGGAAGCCTTGTATAGAGTGGGGTTATTGTCGCATGGGGTTCCGC",18,0,19,0
"606","CTTAAATACCTATATGCGTGTGTTTTTGCTCTATTTAATCTATGGTATTTCAAAGCCAGTGATGATAATTGGGGGGCTGGGACATTTTAATCAGGGTTGGACTGCT",9,4,7,17
"607","TTACTTTGTTGTAAATTATAGTACAAAATAGTGCTCGTTAATATTTCGCTAGAGTGCGAGTGGGTGCTGGTTCAATGTCTATAATTAAGAAAGCTCTGGGTTGCGA",6,10,7,14
"608","CGATTTTTTAAACTTTTCTACTTTTGAATGTAAATTATTTCATAGGTGGTTGCTGTGAGAGAGCTGTATTGCGTGGTTTATATTGACGTCTCACTTCCCGGGTAAT",5,16,5,11
"609","TCTCGGATCTCCGATTGGATCAGTGTCGGCAGTATTAGGAATTAGGAGCGGTAGTGAATGTTTTGTTACGGTGTGGAACATAGTGTGTCTATTGACCGTGACGACT",11,4,5,16
"610","TTGGCGGGTTTTGTTGGCGATGGATCTCTTTATAGGGATCTGGAGATATTTTTTTTTTACGTTTTTGTTTTTTCGCGCATTTGTTATGGGTCAATAGGACGATCGG",10,10,9,7
"611","TTGTGGATCGATTGGTAGCTAAGCTTAAGGTCCCTGATCAACGTTATCGTGACTTTGACCTGCTAAGATGGTAGAATAGATGGTGTTGTCGGTTTTCCGGTTGGAT",10,4,16,6
"612","AGTTATGTTTTGCACTGCAAGTTTACGACTGTTAGTTGATTTTGCGATTTGTCTGTGGGGTCTACAGTTTTTGTTAGGGATTGCTATTTATATTTGTTTGGGCTTA",18,0,17,0
"613","TGTTGTAATTGCTCGGGGTGAATTAGTTAGTCTATTATTAACTTCAGCTGTATGGTATACTTTCTGTTTGTTATTCATGTTGTTCATTGTCGGTTTTTAAATAGTT",10,11,4,10
"614","TTTTGTTTGTTGGATGATTGTTCAAGGTTGCGTAAGCAGGATTTCAAGGAGTCATTCCCTGTCATTTAAACGTGGGCTGTCCTGCGGGTTTCCATACTAGTAATAA",20,0,14,0
"615","AATTTTGTATTTGGTCTTTGACGATTCTGAAGTGGGAGTTAAGTTAGAATTTTAGATTTAGAATACCACGGTAGTAAGGCTGCACTGTTTGGAGGGGAAGGATGGA",18,0,16,0
"616","AACACATTACATAATGGGAATTCTAGCAGTTTAAGAGTAGTCTTGTTATTTATGGTGATCTATGCATCTTGGGTGTCGAACGGTGATGTGTGTACTCTTCTGTTTG",14,0,3,16
"617","TCTAGTAAGATTCCTCTGCCAGGTTTCAGAAGGAATGTAGGTTTTAGGTGGGTATATTGCTCGGACACAGTTGTGACTTGGATGGATGTTAAGGGGTCGGTGGATT",22,0,10,0
"618","TATCTGGTACGGTTCAATCTAATGAATAGTCTTGCTAAGTTTATTCGAGCGTATGGAGATTGGAGTGAACATTCGCTATAATGGTCTAACCATGGGATTTCGTTTT",12,0,20,0
"619","TAGTATTTGGTCGATGGTGGCTAATGCTCTCTTTGTTATTAGGATCACGTGTTCTTATGCTTAATCTGTTTATTGTGGGATTGGTGGTTCGGGTTACAGTAATTTG",12,0,20,0
"620","AAATTCTGTTCCAGTTTATTAAAAAGTTCGATGTGTGTCGACTTTTCTGCATGTTTACGAAAGTGTCATCGATCAAGGATACTTATTTCACATTGATTTTAATATG",19,0,12,0
"621","TAAAGCGTTTACGGTCCAACGGTTCGGTGGCATGCTACATACTTAAGTTTTCAAGCTGGTTGTTCTTTTTCGGCGTTGGTGGAACGAATGCCTAACTTGATAGATG",13,0,6,12
"622","CTGTATATGTATCTTTAGAGGTGGTGGAGCTGGTAGGGGTGTGAGACCTTGCTTTCGTGGTTAAATAGCGTTGGGGTGTCAAGGAACAGTCCGGTTGATTAGTCAC",18,0,12,0
"623","TGACGGGAATAGTTTTTTAGTTTTCACATAACGACCGTTTGTTCGTTGGATCGTCACGGTCGGTTATCGCGAGGCCTCCGGGGTGTGTCAGCGAGGTGGGGTCTTG",5,4,9,12
"624","TACTTGTAGTGATATAAGTTCCGGCCTGGTGGTAAAGTTCTACTGCTCTATGCCTATGTAATATGTTAGCGCACTCGGATTTAGCAGGGATGTCGGATCTTTTATG",15,0,14,0
"625","TTTTATTTTTAGTACGAAACTTAGTTTCAGCTGAGGTATAAATTATGTATGGTAGGGGAAGGCCGCGTACCGTTAGTTTATTACCGTTAATCTTTATTTTTTTGCT",8,7,4,10
"626","TTTGTTCACTTTATGCCTTGGAAGTCGTGCTTCTGGTAACGAGATCTATTCTCTCTTGCCATTTAAACTATGTTAGCAGGATTCTTATGCGGGTAAATGTTATTTT",5,14,7,3
"627","TAGAGATTATTTGGGTTGAAGTAGTTTCAATTTTGTGTGATAGGATTGGAAATGAATTAATCTCATAATTTAGGAATTGTGCTTGTGATTGCGGTAAGCTGTTTGT",4,4,6,15
"628","TTGTTTTTAATTGTTTATCCTAGTTTTCATACATTGTTGTAGTTATAGCGTCTAAACGCTTTTCTGCTCTGCGTGTAGTCTATGGTGGAGGAATTGTTCTAGGCCA",2,10,9,8
"629","ATTCCACGTCGCAGCAAAAGCTTGTTTTGGCTTTCTAATTATATAGACGTTAGTGAGTAAAGGGAGCTGGTTTTATATGTTAGAAGCGTCCCACGTCAACAGTTAC",17,0,11,0
"630","GAGTATCTAGGAAGTAGTCATTCAAATCCTTTATTTTTGATACTTATTGTTTCTTGTTAGTTATTGATGAGGGGTTATTTAACAATATAGGTGGTAAGTGGGAGTT",7,8,6,7
"631","TACATCGTGAACGAACTTTATTTGGTCGATTTCGGATTTAAACTGGAGATAGTAGGCTGTAGTCCGTTGCGACGAGCCGCGGAGCCGCTCGGGAGAAGGTTCGTGG",15,0,12,0
"632","CGTGTCGCGTTGGGGCTTGTATCGGGTTCAAGGGCCATTGTTAGCTCTGTGGCCCTGCTGGATCTGGAACTCATCCTTTACATGGTTAAATTAAACAATAATGTCT",12,6,4,4
"633","TCGACTTGTAATGAACTCCGATGTGGTAGTATTATACAATGTTTTTGTAGATTATGGGTGATTTTCCCTTGTTGTTCTAGAGAGTTAGTCCACATTCTTCCTTCTT",5,7,3,11
"634","TCATCAGACGATTTATAAGGATTGTATTCTCCTTTGTCTGTCCAGGACACATCTGATGTTTATATATAAGTCTTGTACATTTTACTTTGAATAACGCTTGTTGTAC",3,8,9,6
"635","GTAGTCCTTATAGAGATATGGCACCATATTGCGGCAGTTCTTATTTTAATTTTGTTCTGGTAATGGGATTGTTTGATTGGCTAGATCGTATCCTAGTGGAAGTATT",13,0,12,0
"636","AGGCGGTTTTTTGTTTTCGGTGTTTGGTTAACGCTTTATGGATCATATCTGCGGAAAAGTGACTTTGAAGTATCATGTGTTTACTTATCCTAAATGTGATTTTGTT",6,6,10,3
"637","TTTTGATGAACTAGCATTAATGTTTTGTCTGAGTATCAGTGTGTAGTGGGAAGCCGGGATATGGTGATGTGATACTTGTAAGAGTTTGCACTTAGGGGCGAAAAAG",11,7,2,4
"638","CGGAATATATTTAGCTCTCATCCCCGTGTGATGTTAACTGTAAATCATTCTCGCATGCTCCGTATTTGGGGGTGCGTGGGTAGGAATTGGGATAGTTTTTGATGTG",6,9,4,5
"639","ATTGGTTGTCTTTGCTTAGGCCCGGTCCGCTGGGAGAACCTGTAAGTTTAGGGTTTAGGCCATCTCCTGTATTCGCTCAGGACTTGCGGTGAACGACCCTTAATGG",14,0,9,0
"640","ATAACTTAGGAGGAGGCATAATTTTTCCTATCTTGTTCGATCTGTTATGTCGGAGGTGCTGTAGATAGGATTGTTCCTTCACTTTGGGGGGGCCAAATAAAATGGA",10,0,13,0
"641","TTATGTTACAATAATTTGTATGCAGTACACTCTTTTCTCGAGAAGGGACGTGGGTTGATTCCTTTTCACTTGGATCTTCTTCACCGTAGCGGATTTAGCTTTTGAA",3,9,3,8
"642","AAGGCGGTCACATGAAGGTTTAATGTACGTGTTAAGTATGATGGCACCTCCGTAAGCTCGTTAGTAGCAGCGGGGGAGTAATGTGTTGTTGTAAATGTGAAACGTT",16,0,6,0
"643","CCTTGTTTTATGTTTCTCTTTGGTGTCTCATTCTATTAATGATCGTTGAAGCTTAACATATAGTTCATTTAGGGCATATCGTACCTCTGTACTCATTGTACTAGTC",12,0,10,0
"644","TCGGTAATGTGAACATGGGTCTACGTATGCAGCTGTTTACAGTAGGATTATAGAGAGGTCGCATAGCTAGCTCATGGGTAGTGCTCGCTTTTCGCGTGCGTGGGCT",11,4,3,4
"645","AATGAGTTTTTTGCTGTGTTTAATGTTCTGTCCTTACCCTATTGTGAGCATTAGCCTTGCTAGTCGTAGTGTGTCATATTAGGCATTCGTGTAGTCTTAGGACTTT",8,7,2,5
"646","GGCGTTAGTTATGTTATTCTTTTCCCAGGCCTTTTTTTTGTAGTGAATTAGGTGTTTGCTTGTGTAGGTTGGAACAATAGCGGGTCACTACTGGGAACGCCACTGC",5,4,4,9
"647","ATCATTATACTCTGTGTACTGGACGACCTTAGGGAGGCCGTTGGACACCTGAGTATCACTCGCGTCCTTGTCTAGGGAGACAATGTAAGTTTGGATGCTTATATGC",4,6,6,6
"648","GTGGAGCGAGTCGGTCGCTGCGTCGTGCGGGTTCGTGCTATTGTTAGGTAGTTAACTTGGTCTCCTTGCTGTTTGGGTAGGGGTATGGGGTTGGGCTGGGGCGGGT",13,0,8,0
"649","GCATTAGTTGTAATTTACGCCATTCGCTGCAGGGCACAGCCGTTGCTCTGTGACTTAAGGTTGATGTACTAGGGAGTCTTCAAGGATTGTCGAGAACTAAGGGTTA",9,0,12,0
"650","TTTTCTGCATCAATGAGCGTATTGAGTATCATGGCTTTTTGTTTTTTGTTAGTGTAATGTTTGGAGTTGATATTTTACGTCCCTTGCAGGGCTAGTTTAGGGCCTG",7,3,8,3
"651","TAGTCTCATTGGGTAGCTCTGGGGCCCTGTCAGTACTGTTTTATCGTAGTGACGTCTTGGTCTGATTTCTCTTTTTAGGTGGGGCGCACGGGCTATCGTATGGGAC",5,0,0,16
"652","TCTGCTTTGGAGGGTTTTCCTGATGGTAGGAAATCAATACAGTGATTTTTATTTCTGTTGTTGGTTGTTTTATTGTTTTAGGAGACTGTTTCTGGCTCTTTGTGGC",0,13,2,6
"653","TAAGGGTCTTTTGTATCGTCTTATTGCACTTAATGGAAAGGATTTGCTGAAATACGCCAGAATACTATTTTCCATTACTTAAGTTGTGTTGATTAATCAGTTTGCC",14,0,6,0
"654","CTCGTTCTTATTGTGCTGGAGATCGATTTACGTGGGTTTGGTGCCATGTGGTTCTCCTGGGTGCAATGTTGCTGTTCAACGGTTTCTGGGCGATGCCCGTTTACAC",10,0,10,0
"655","CGGTCACGGGGTTGGGAGTTGGATAGCGTTATCCTGTTTGAAAGACCGGATTAGTTAGGTGATTTGGAACGGAGTTGATTTGCAGATGGAGTCTAAGTTTGTTTCT",3,10,3,4
"656","TTAGGGTAATTTTAGAGTCCGTTAGTTTTGTAAATACAGTCCAACCGGAATTTTGTTTCGAGGACGACGATCTTTATGTCTTTTTCGTATTGCGGCCTTTATTGTA",12,0,7,0
"657","GCGAGGACTTATTTTAGTGTCTAATCAATGAGTGGGACTTACCTCGCGCTCAGCTTTGACCTATGTAGTTAGTCGTGTTTCGACTGTGGGGACGTGGTCCGTGGCT",9,0,10,0
"658","GAAACCTTATTGGAGCATTTCGTTATTACGTTAAGTTGCCGTTGTGTTTTTTTAGTATTAAGCTTACTGTGGGTCTGCATGTAGGTATGTTGGTGTCATGAATGTA",6,0,13,0
"659","TAGATGTAAGTATGCAGTTAGTTGAACCTTCTGTTATATTTCGGGTTCTTAAATGATTGGTTTGGGTGAGCAATACGTTTCCATTTTCTTCCTGTTTCCCCTGGGT",4,4,8,3
"660","TTAGTGGTTAATTAGTGGGGAGATTGTGATAGGTGGTGCTATTGACATTATATTATTTAGTAGTCAAGGCGAAGGGGCGCATATTTTTGTCGCTACTTTTTTGCCG",4,10,0,5
"661","ATAGTCACATTAGAGGATCTTGGTGATGTGTGGTTGGCCAAGCGCATTAGTCGGTTTGCTGGAGGAGGCTAGGTAGTAGATCTACATTTTTCGTGCTCGCGGATTC",0,8,6,5
"662","TTTGTGGGAGTTTACTTCGTAGGGTGGTCAATAGGTCCAGGAACTCGACGTGTGATACCGCGTCGTGGGCGCGGGACGCGTCGATCGATGCTTTAGAGGTGGCTGT",11,0,7,0
"663","TTCATGTATGGGGATTGTTTCCATTTTGATTCTCATATACAGCGCTGGTTATCATTGTAGATGTATGTTCAAGGAAGATGTCAATGGCCGCGCTGATACCTCTGCG",10,0,8,0
"664","ATTCTTTCCCGATTACTCTTGCGATTTGGGACAGGCGGTACTGAGATGTCATGTTTGGAGTATTCCTTAATTTGTTTAGCGCTTGATTGAGTGTTGATTGGTCAGC",10,0,3,5
"665","CTTTGTTTTATGACGAAACGTGGCTGTGGTTTTTTAGGTTTTTCTTTTTTTTTCTTCGCCTGCTTTACGTATAGGGTTATCATGATAAGTGGATTATACATTTTGT",6,0,12,0
"666","TTAATATCCTCTGGATTGGTCCTGTGCTTGGTTTGTTTTATGGGTAGCCTAGGATACTACGAAAATTATTAGCTGAGAGTAGGGATTAGAGATAAGATGTAGAATG",3,5,5,5
"667","TTCATTTTACGTTGATTTGTTTGTTTTTGGAAGGTATTATGCGGTCAGCCCTGGGATATGATTTGCTTAAACATGTGGGGGTGGGGGGAGAGGCGATGAGTGGGTG",0,0,0,18
"668","TAGTGTCATTGGGTAGCTCTGGGGCCCTGTCAGTACTGTTTTATCGTAGTGACGTCTTGGTCTGATTTCTCTTTTTAGGTGGGGCGCACGGGCTATCGTATGGGAC",0,13,4,0
"669","TATTATTTATCACTTTTACAACTCTAGGGATTAAAATCCTATAAAGTTTATTCAATTGACTTATTTTTTGGTGGTCTGGAGTGTTTCGCGACGGCTCGTTGGATTA",9,0,7,0
"670","GCTGGGGTTGTCGGTAATTTAGACGGTTGCTGCCCAGAGGGTGCCTGGCTGTAGTATTTCATGGTATGTTCTTTATCTCTTTTGGTCTTTCTCTGCCGTTAGTATC",5,0,11,0
"671","ACGCTAGGAGGCGTCTTTCACGATGATATTTTGCTGAGGACAAGCCGATAATATTGTTGCTAGCTACAAAGCTGGTCCCGGTGTACAACGTCAGACGGTGATTTCG",10,0,5,0
"672","AACACTATTATTGTCAAGCTTGTTTGGTTTAACTCCCTCTCGATCGGTTTGGCCGTGTGACAATGTGACTCGCCGCAATGATTGCAAGGATAGGGTCTGCTTGGTA",8,0,7,0
"673","GCTAACTTCTTTGCTATTTTTTTCTAGTTTTTATAGCTGGCTGGGGATAGATGTTAATAAATCATATTTTTATGATTATGATGACTAACGCGGAGCGAGAGTAGGA",0,4,5,6
"674","GACCATTATACGTTTCTGGGGCTCGTAATTCTAGTTCTGGTTAGCGTACCGATGGGTCGATGTCTCTGGAAGTTAGATGCTGGTTGTTTTTTCCGGTCTTCGTCTG",9,0,5,0
"675","TTTTAGGTGGATATTTAGTGTTTTTGTCTGTACGTTTAAGTCCGTTATTACATGAGCGGTCCCTTTTCCTCACGCATAGGGGAATATACTTAGTCGTCCCGGCAGC",8,0,6,0
"676","TTTCTTACTATTATAGACTGTCTAGGTGAAGTTATTACACGCTAACGTTTATGTGTGCTAAACCTGTTAAGGGGGTTTCCGCTTTGTGTGGTGTCTCGCTGTGTTG",7,0,7,0
"677","TTGAGATAAATTTACTGTCTCGCTCGTTATCTTGAAATGGGGTTGACGTTTGCTTTCAGCGTTGGTATTTTGAGGTTGTCGTATTGTTATGTTTATTTTCAGTTCT",6,0,8,0
"678","GTTTCAAAGATTTAGAATAGTTGTGTAGCGTAGAGGTAGATGACGCCCATTTTAATATCTTAGCAGGTTTCATCTCTTTGACATACTTGCAAAATCTGTGTTGTAG",5,0,9,0
"679","TGAATGTGGCTTACATCGGGTCTGGACAACCTACGATGAAGATGAATTTCATTTGTGGATAACCGGGGGTGCGCGTTCACGTTCTCTTGAAAGGAAAAGGTCATGT",3,0,3,8
"680","GGAGTTTTTGGGTGACGCTTCATGCCGGGATGTGCATTAGATTTATAAGAGTTTGGATTGGATTGGAAGGAGTTTTGAGGTATTGGAACTCCATTGCCTGATTTAC",3,9,0,2
"681","TTCAGCTAATGATTATGGCCTTAAGATTTCTGTGATGGTTTATGGATTAAGGGTAATGTATGTTAGGTTAATTTGTGGTTGTATTCAGAGAGATTTAATGTTTAGG",2,9,0,3
"682","ATTATGGTTGCAGTAGTTTTTAGTTCCGCTCATTGTGTTTGTGCACCCGGGCTTTTCATAAGTCTTTCTGGGAGTTTGAACACGTAATTTTTTATGGGCCTACTCA",2,3,6,3
"683","TTAGAGAATCAGTGATTTTCTTCGATTATACGTTTTAGTGCCGTGTTGTTAAAATCAGGACCACGTTTTGTGGCTTTAACTAGGAAGATCGTTGGTATTCGCAATG",0,8,3,3
"684","CACTGAACTTGTCATATCTCTCTACTGATGGTTTCTTTGGCAATAAATCAAGGAGTTTTTTGGGGCGACTCTAGGTAATAGTCGACGACTGCATTTGATTTGCGTT",0,0,6,8
"685","GTTGCCGGGCTAATTGGTTCGGGAGGAAGTGTGGGTTTTTATTTTTGACAGCCAAAGAAAATAGGATTCAGCGCCTGAGTTAATTTGCTGGGGCTCTTGCTTTACG",8,0,5,0
"686","ATATTGGCTCTTGCATATGCGTCGTTACACCGGGGTCTGTGGGTGAGAGTGTTGCGGGCCCCATTGTTGTTTGGGTGGCGTCTCAATTGTCTATTACTGGGGCAGT",7,0,6,0
"687","TTAATAGTCAGATGTTAGGACAACTTAGAGGGGTTGTGAGGGCCCTTGGAAGATTACAGTGCTTTGTTATAGCTGCGTTCAGTTTAATTAGGTGGTAAGGTGTAGG",7,0,6,0
"688","ATAGTGTGCTGGTTTGATGTTAGATCTTTAGGCAATCTAGTCTGTGGGCTCATTCTTGAGTGAGCATCTTGAGAATGAGATGATATGCAGGCCTCTTAGTCATTGT",2,2,7,2
"689","ATTCAATCTATTCAGTTGTGGTATGCTTAGTTGCGGTAGCTTCATAAAGCTTAGCAGGCGCTAACTCTTTTGAATATTAGGTATGGCTGACAGGTAAAATTGCTTT",6,0,6,0
"690","ATGTGGGCCTTTGACTCTAAACTTCCTGGGAATTTTGTGTGTTTCAGCGAAATGTGTCGCTTGTGAATCGCGTGTGAACGCTACTTTCACTTTGGGTTGCAGCGTA",4,0,8,0
"691","GTGGTCTGGATAGTCGCTGTTCATCGTCTTTAAATTTTTTCAAGGTAGAAAATGTTACGCGTGCACATGTACCTGATTTTGTCCTTAATCCGTAGGGTGAATCGTG",0,4,4,4
"692","TAATACCCCGTCGGCTTCGGCATTCTGGGGTGTTACCATTGTTCCGCGTTTGTGTGCGATTGTCTAAAATGCTTCATGGAAGCAAGTGGGAGTGAGATACGGGAGA",0,4,8,0
"693","CTGGTCAAAAATGCGACGTTAATAATACCTCTGGGATACCACATCCCTCTGGCTCCTGGGTGTTTGTAGCAATTATTTTGATGACCATTCAAAGGTCGCGTGGTTG",9,0,2,0
"694","TAGACTCTTGTAGCCAGTGTTATCTACTGAGTCATCGCCCGTAGGTTTTATGTATTGCGAGTTGTGTTGTTTCGGCCACCCTGCGAGCTGGGATTCGCTTCGGAGT",7,0,4,0
"695","TTAGTTGAGGGTCCTCTCTCTTGTTAGTAGCTTTAGGGACTCAATAGCCCTAATTCGTTTACTTTGTTTGCTCTTAGTCCTTCTTTCATACGTTTTTGACTCGGAC",3,0,8,0
"696","TTAGAGTTTATTGCATGATAAAAATATTTGTTTTTCTATGCAGGCGCGTGGGCGTTAGTTAAATTAGAGTTATTTGTGCCATGCCGTTTGGGTTTGAGTGGGGGTC",2,2,2,5
"697","GCGTGTTCCTGGATTGTAGACACGGCAATTGGGGTCTGAACGGCGGGTCGTAATACCGTTCGCGGTTTCATCGGTGACGGGCTCGTGAGAGTAGATTCGACTGACT",6,0,2,2
"698","TGCGTTGTGTTAGCTTTTGAGATAGATATTACGTTCTGGCGGGCTTATATTAGTCATCTGTATAGGTATCTTGTATACCCGCATTTTGTGAAGAATTCCACAGTCA",4,0,6,0
"699","TTTATTCTCACCATAATATATGAGAGGTTTGGGGAGGTTAAGTAGGGGTTCTGGCCTAGGTCTGTTACTAGAAGTTTGCCTGGGAAAATCGTTTGTCGCATCTTAC",3,0,0,7
"700","AGGAGTTTGCTATTCCGGGTTATGTATCATTGACGGTTTTGTCAAGTAATTATAGACGGACAGTTTTATAGGCATTTCCCGTTAGTATAGCGTTGCTTCTTACTCT",3,0,4,3
"701","TTTTGAGTATATGTGGTTTCGGAGTATGTGCAGCTCAAGTCAGATATTTGTGCGGTTATTTAGATCTTATAGTTGCCCTCTTAGACAGAACCCCAGTAGCTAATGG",2,0,0,8
"702","ATTTTTTATCTCAAGCTTCTGTCCTTCATAACTTTGGTACATCTTGGGTGTTAGCTACAAATTTTTTTGTTCGTAACCCTTATAGCTGTTTGAATAGTGTTGTGTA",0,3,4,3
"703","AAGTAATAGGTTCGATGTAGGTGAGAACTTTTAAAGGTGTTAGTCTGTTATTGAGCTGGTCGTGCATGACTGTTATCGGTTTCCGCGGGTACTCAGTTCTCCGTAA",0,0,10,0
"704","GTAGCTCTATTGTAGTTATGGGTTTTTGTGGGATTAGTGGAAGATGTGTTTTAATCGTGGGTAGCCGGTGGTTTTTGTTGTGCCTTGTACTCAGGCTGTTGGGACA",7,0,2,0
"705","GACTTCAGGAACATGAATTATCTGTAGTGGTGAATTGTGGGATGCTGATGGTGGTGCAATATATCCTCGATAATGGGACGACTCTGTATCATGTCCCTTGGAGCCT",4,0,5,0
"706","CAGTAGAATATAGGGTATTTTTTATATAGGGGTGGACATGTCATGACTTTGCGTTCGGTAACGTAAGGTCAACTGGTCGTGTATGGAGATCGTTTTGTTCGCTACG",2,0,7,0
"707","TCAAGTTTTCTTAGTATGCTGGGATGTAATAATTTGTACCAGTTTGGTCTAGACTAGCAATTTCAAGCGTGGGCTACATCTTGGTTTGTGGTGACTAAGTGTTCAT",0,2,2,5
"708","AGGTTTACAAATTTCATGTGGATAAATTCTGTAAATTGCACAGTGTATATATGTAAATCGTAAACATTGTGTGTGCCTGCGTAGCAGGTGCAGGGTAGAAATGCAA",0,2,4,3
"709","TTAGTGGTTTTACGTTTTAGGTCCATACACCGGATATATTATTGGATTTTACAATACGCGGAGGATGTTTCCATTTTTGTCTTTACAATTCTTATAGTTAAATCGG",6,0,2,0
"710","GAATTTATAGAGTTGTCGCGTTAGCTACGTGTGCGGGTTCTATAGTCATTCGCGGGTGTATCTTGGGGGATCTTTCGGTTTTTGTACGCTCTGCGCATATAGGCCA",6,0,2,0
"711","CTCTCATGATCATTATTGGCGTCTATTGGCATTGAGCGACGAATGTATCATGATGTCGAGAGGGTGTTTATATTTGCGAAGTAGTACTGGCTTTCTATGGGAGATA",0,6,2,0
"712","TTCGTTTTGTATCAAGTCCGGTGGCAACGCTATTGTAATGCCTTCCGTCTTAATGAGTCCCATGGGAAGGAGCAGGATGTATGGTTATCGAGGAGACAGTTCGAGA",0,4,0,4
"713","GGGGTTTGTGTATAGAAAATATGAACATCTGTGGTCCTGTAAGTATTTTTTAGAGGATGTATTTGAACAACATCGCAAAACCTCCTGGCTATAGTCTACGCGATTA",4,3,0,0
"714","CTTCTGTGTACAGTTTTACATTAGTTATTATCGGTCACTCCTGGACATATTTGGAGTCATTGTCTCATTTAGCTTCCGATCGCCGGCGTCGTACCCTGTACCACGG",4,0,3,0
"715","GCCTAAGATGAATTACTTTATGCGGTTTGGCGTATGTAGTCCCTTCTAAATAGGTTTTGGGGAATAATACATTTTTCGTAAAAGGTGTTCTTGATCTATCGTGTTG",3,0,0,4
"716","TTTTCCATTTAGTTTTTGATTTCGTCTGTGCTAGACTGGGGGTCTATGTATAACAAATGCGAGTTTTCAGGTTTTAAAGGGGTGTCGGTGCTGGCTCTCACTCGAG",3,0,4,0
"717","GAATACTTCACTGGTCATTGGTTCTGTTGGTTGTGGAACCTGCTTACTTTAGCTCTAGATTCGAGCTGGTATCCCAGCACTGGGGGGTCGTAGAACCGGGGCCTGT",0,2,2,3
"718","GTTTATGTAATATCTCTAATATTGTGCGTCTGTGCCACTTGGCGGACTGGCGGCCTGGAACTAGGTTAGATATGTGGCGGATGAGAGGCGAGGGGCTTATGGGGGT",0,2,5,0
"719","AATTTTGGATATGACAAGTAGTGATTCTAGCTTGGTGGTTGTGTGGCGATTTGAATCGTGCTGCGCGTATTATAAAATGAGCCTTCGGGAATCATCTTGGTTCATG",0,0,2,5
"720","ATCGGCCACGTTTGAAATACCATGCCTGGGTCTGGTCAGCATGAGACAGTACCAGCTTAATACGGCATGTTTTAAGGTAGTTGTGATTTTGGCAGTAACTTATGGG",6,0,0,0
"721","CATTGCTGTTTAAAGTATGTTCGGTTTTGGTTGGAGAATTTTGGTATTTACTTCTAACGTATGTTTACCGCTGATTGTTTTGAGTTCATTTTAGCCGAGCATGAGG",4,0,2,0
"722","TTTTTTACAATGCACCTCTGTTTAAATCTCCGAATGGCATGAATCCGAATATATTCGTAAATATGTGTCTAGTATGGGGCCTTGGTGGTGCCGATTTAGAGCTGGA",4,0,2,0
"723","CTTGTCCGGGGCAGGCTTTCGACCCATATATGCAGGTTTTATTACTCGTGATGTTGTTTTTGGAGCCACCCCTGTGGATTCGTTCTTGGTGGGTTGGGGGGTCTGT",3,0,3,0
"724","AACACGTACAGTCTGTAATATTTTTCCGAATGAAGGGTTTCATAAGTAATTTGTATAGTTTTTAGTACAGTTAAAAGGCCCTGGTGAGTCTAGTTAATTAAATATG",0,2,4,0
"725","GCAGTCAATTCCCACGATTCGTTGAATTTGCCGTTTTGTATTCTTTTTGTGTGCCGGGACCCCGAGAGGGTCTTGGGTCGGGGCCGTTGGGACGATCTAGATTGAC",5,0,0,0
"726","TAGGGCTCTCCCCACGATGGAAGTCGCACTTACGTACATTGATATTCGTGGTGGGGGTGTGATATCCCCGAAATTGAGGACAAATATGATTGAAGTGTCCGATTGT",5,0,0,0
"727","TGCTCGTTATAAAAATTGTTGGCCATACAACTGCTCTTTAACCTTTCCACTTTATTGGCAGTTAATTCCGTATTATGTGTCGCCGATTGTTTGCACGGGTGCGTTG",3,2,0,0
"728","TTAAATCGGGGGGTATATCTGCTGTGCAAGATGAGCTTCTGGATAAATTCTTAATTTTAGTTCAGATTTTTTTCGCCAACCATGCTTGTGTGAGCCTGGACCCGAC",3,0,2,0
"729","TGAGTTCGTACTAGCACGTGGGTTTGCTTAGGTCGGTTGGCATTTGCCAACCCAGAGAGTTTCCAACGAGAAAGGTATAAAGGTCGTGGCGGTATTGTTGTTGGAG",0,3,0,2
"730","GTGGTTGATGTTCTCGTTATCTGTTCGTTTATCCGGGATTTTATGGGTACTTTCATTGTTGAGCCAGTACGGTTTCTTGGTTATTTTCAGATTAGTACTACTCTCG",0,2,3,0
"731","CGCAATTGGTGGGAGATTATTAGGGCGGTTGCGAGGCTGTGAACTAAGTGGATATGCTGTAATGGGTCGATTCTAATGGCTTGGACGGCGCCGTGTGCCATTCCTG",0,2,0,3
"732","GCCTCAGGTGGTTATGGGGTTGGGTGCGGAGTCGCATATTCGCTTGTTTCCAGTTGGTTCAAGTTACTTTATGTGAAGGTGTCTGTATCGGGGGTATTTCTAGGAC",0,0,5,0
"733","TTGAGACATGATTCCTTTGTACGTAATATTCCGCTCGGTATTATGCAAAAGTCTAGTGGCTATGTACGGTTACTACTTCTGTGGAGATCGGTTGTTCGGAGGGTCG",0,0,3,2
"734","GCTTTTCTTTACATTTGGAAAATGCAGTCTCGCTTTATAGGGCTTGATAGCGTGCTTTGAAGTGGTTCTCTATTATCAAATTTTCTATCTCTCTTTTGGTAGCTCG",0,0,0,5
"735","GATTGACGCGTCAAAAGTTCCGGGTGCGGGGGTGATATCGTGGGCAGAGTTCACATGGTTAGAGTAATCAGCTCGTTAGTTGCAGTGCCGTGCGTCTATTCTCATT",4,0,0,0
"736","AGTTAGCGTTAAATTTAGTCTTCAAAGCGATACATTACTAGTTCCGATTTTTTAGGGTTATGTAAGTTTGGGCACTATGATTACATTTACCCACTATTCACCGATA",2,0,2,0
"737","TGTCGAATTCTCAATAGTGTGAGGCAGTGTTCAAATTTGTTCGACTTGAGTTTCGATGGAGTATTGGTTTTGGTATGGGTATCTGGAATATATTTCTTGTCGTCCA",2,0,2,0
"738","ATGTTCGCTCTAGCGTACTTTTGGTTCATCGACCTTTATGGTATTTTCTGAGTTCAGTCAAGATTGGCTGAACTCCAGGTAGTCCTTTTCTTTCATGAGCACGGCC",0,2,0,2
"739","TACCCTTGGTGTTTTTTGGTGATGCCCTGCCAGATGGTAAACTTGTAGAGGCTAGGTATCCTGAAATACGATGCTACGGCTTTGTCGAGGTCACTCCACGTTGTGT",0,2,0,2
"740","TTGTTTGGAACGATTGGTCTTGGTACTCTGTCGTCTATGGTCTGGAAGTTGTTAGTCTTTGGTGATGAGGGCAATGCACCAGGTAGGTATCTGACTTTTCTCGGAA",0,0,4,0
"741","TGGTATATTGTTGAAGCGTTGAGTTCGTGGCAGCTCTTTAGTGCTGGTGTTGATCTTCTGTTTTGTTGTAGCCCCGAATACTTGTGATTGCCTATTCTCTAAGTCG",0,0,4,0
"742","TAGATGCACCCCTGACTTGGTTACATAATAGCGTGGGATATTGGTGTAGTTGGGTATCTATCCCCTGGCTGGGGAGTTGTGTGTGCAACGGTGACTTATGGTTGCG",0,0,2,2
"743","AACACGTACAGTCTGTAATATTTTTCCGAATGAAGGGTTTCATAAGTAATTTGTATAGTTTTTAGTACAGTTAAAAGGCCCTGGTGACTCTAGTTAATTAAATATG",0,0,0,4
"744","TTTAGCTTTAAGCTCGAGTAGTGTCTTTTTTGCGAGAACATTCACTCGCCGGTCACGCCTCACTGTGCCTCTTCGAGGTCTATGTCAGTCTAATTCCGGTTCGCCT",0,0,0,4
"745","TTATACTTCTCCTTCAGGCATAGCATTCCGTTTTCGGGCATATTCGTCTCAATGCATGCATTGAACAGCACACGACCCTTATTAATAGGTTTAGTACCCCGCGCCT",3,0,0,0
"746","TTTTGCTTTCATTTACCTTTACCATAGTTCGTGATCACATGGCCAAACCATGGGTCTGTATCTTTCATATATTAGGTATTCTATATGGGAAATAAAGTATTGACAG",3,0,0,0
"747","GACCTTCATCTTTGGTGAGTAGGATGTGTACGGCGACACTTCGTAAGGCGATTCGGCTGCGGATTTTGTGCTAGCCAAATCTGTGATCAAGGCGGGCTGCCTTGCT",0,3,0,0
"748","TTCAGTGTATGTATTAATCATGGTTCGCATCGGTTGGACTATCGGTCATTCCTAACGCAATCTATAAGTTTATTTTTCAGGCTCTAGGTGGGGTTTTCGGGTTTAT",0,0,3,0
"749","TTACATTTGCAACTGTACCAGGAATGTAATGGATTAATATCGTTGCTTCTACTTCTTACAAGTAAGCGTTCTGTTGTTCTCATGGGAACTCATGGACTAACGCGTG",0,0,3,0
"750","ATCTAAATATTCCGCCGTATAGATTTGCGATGATATGGGAGCTTCGGTATGCGTAAGTAACCATTGTATATTTGTAATAGGAACAAATGCAGACGAGGAGGGCTTT",0,0,3,0
"751","AGCTTATGGAGGATGTGAATTATATCCGGGGTATTTGTAATCGTATCAAACATATATCTGCTCAAAATTTTTAAATTTTGTTTGCTGGTGTTTGTAACTGGAGGAT",0,0,3,0
"752","GTTTACGGCCTATTTTGATATATATTGGGTCGCCTCCAGATCAGGATTGTTGGTTTAGACGCGGCAGAGTGTTGTGGGGGGTCTTGAGTCAAAGTTAGTGCGTGGT",0,0,3,0
"753","CTTATTTTTGGGTTTCGACGATAAATTATGGCGGTTCCCTATAGAGTTTCAATAAACAATTACATAACTTATGTAATGCTTAACATGTAGTGGTTTTTACGGCCAG",0,0,3,0
"754","TTTGGGTATGCATAAAGTGGGAGAAAATTTCTTGGTGTGCGGTTTCACTTTTTGGGACTTTTTCTGGCGGGCGTGCCGTAGGACTATCGCTAATGGTGGCTAACAC",0,0,3,0
"755","ACCTTTACTTGTTAGCGGTTATCTTCTGGGGTCGGTTTAAATTTGGGACACTGCGTTTCTCTGAAGAGGGCGATGATACTGAGCCTTACATCTGAGGCTACTTGTA",2,0,0,0
"756","AGGAGTGTGTTTCCATAGCCGTTGGGATATAGTTCAATGATTGGCCTATAGGTGTTGTACTCCGGGGCCGGGCCCAAGTCTGTGGGATCCTAGCAATTGTGACTGG",2,0,0,0
"757","CCTGGTGTAATATTACATAGTGGAAAGGGTTCCTTGGAGTGCATTTTAGCTTTTGCGATTTGCGTGGGGCAACCAGGAGCTCATCTATAGTCTTATGTACTGGTGT",2,0,0,0
"758","AACTTCATTTCTACTGGGTATTTATATTTTGTTTTGTGGTATTTTATGAGTGGTCGTTGCTGTCGATGTCTGATTGAGTACTTGCAAAACGATGTTGAAGTGATAT",2,0,0,0
"759","AATAAGCTTTTATCACACTTCGGGCTTACGTGCTTTCATGTCAGTGACCTTAGAATACCATGGTAATACGCCAAAAAGGTTATCTTCGATGGTTGGGTTGTGGATT",2,0,0,0
"760","TCTCGCATTAATTGCGTGAAGTATTTTCGATGAAGTATATGTACTTAAGGTTCGGTGGTGTTTGTACTCTTTATGCCGTGCCATCTTGCGGTGTCTCAGAATTATA",2,0,0,0
"761","AGTGTATGAGTGGCGTTTGCTGAATCATGGTACGAGGTGAGCGTTTTGCGGTAGTTTTGCAACACCAGGTGTGATCCGCTTCCATATCGTTGGCCTATATCTTGAC",0,2,0,0
"762","TGTTTGAGTTATTATCAAAGTCATACCTTATACTTGAGGGCTGTTTGAGTGGGAAGACCATGTGGTCTCTCGAGCGTTATACCGCTTGTCTGGTTATATGTATTTG",0,2,0,0
"763","CTTAAAGGGTCCGTGCTAAGTCCTTGGTAAGCCATTTCAGTATGATGTGCTGGGTCCCTTCTTGCTCGCTGAGGTCGCAGGTAGTAACGTGAGATAGGGGGTAGAG",0,2,0,0
"764","TCCGGGCAACTCGAATCTTTTCATTGTCTTTTGCACGCAGAACAGCATTTGTTAATGGGTTTTGACGAACCATAGTGCGGATCACTGTAAACTCAATGTCTTTACC",0,0,2,0
"765","CGCGTTGTATTGCTTCCTCTTACTCTACTTACCGGTGCGGCTTGGCTGGTTAGGTGAGACCGCCTCTCTGTAAAAAGAGGTAATACATGCGGTCCTCCTGTATTGC",0,0,2,0
"766","CGTTGTACGCGAACATTTTTATCACCTTCGACTATAGAACAAAGCACAAACTGGAGATGGGCTGGTGGGTATGTTGCGTGCATATGGCCGGGTACCCTAAACTGGT",0,0,2,0
"767","TTAGTTTTATTGAGACCGGATGTGGAATTGTTTCAGAGTTATAAACGGTATAAGTCTTAGCTCGCGGAGACTGACATTTGGTACATCCGGCCTACTTTAGACTGGA",0,0,0,2
"768","TATTCTACGGTCTATTGCAGCGGGTCGTATAGTAACATGCATTAGCCTCACTTGGAAGGGGCAGGATAGGGGAAAACTATTTGATTTCCTTTAGCTTTGGTTGGAA",0,0,0,2
