barcode,sensor
GGATTATCCGAGGTGGAGAGTCGTCTGATATGTGTTCATGCGAATAGTGCGAGTAAATGCGAGTTGCAGTGGTGCCAGGTCGCGAATCGACCGACGCGATAGGGGC,ynfE17
TAAGCGTGGGGATTTTCTAGGGACTAGTAATGGGGTATGTGCATTGATCTACGCTTTAGATTTGGTCCCTGTGGACCTGGCTCTTGAGATTTGGAGTCGGGGAGAG,torCWT
AGAGAATTAATTATTCGCTGTTTCCGAGGTTCTCGGTTGACTTATGGTCTGGCCATGATTTTCTTGTTCTGGCTGTTCGAACCGTCTAGTCGCTATAGATGCCCTC,yeaR23
TTTTAAACTACTACTTGGTGCTAGTAATGCCAGTTTCTGACGGATCGGATAGTGGTAACGAAGGTTGGAGATGCGTTTGAGTGGGAGGGGGGCATCTCCGTGTTAA,torC10
TCGGTGCTTGCTGGCTTCGTCGACATACTTCAACCATGTGTAAATTGTCGGTGTGCTCTTTACTCCTCTTATGCTCGGTCATTCAGTCCAACGATAATTGGGGTGT,torC17
GGAGGTTGCTACATTTTTGTCGCTTATGTGTTGATCGTCTCATTGCTAAAGTTGCTTTTGCAAGATACTTCGAGCCTGGCTTTCTGACAGGCGTGATGATGTGGCG,S_enterica_TCS1
CTCCAACTTGGTATGATCAGATACTACTTGTTGGGTAATTGGTTTGGCCGATGACGTCATGTGTAGTGCGTCGGTGGAGTGGCATGCTACTTCGGTTAGTAACGTG,S_enterica_TCS3
TTCGGTATCTCGTCACCTCCTTTGGTATTGGGTGTGATTTCAATGGTTCCGCACTAACGAATTTTGTATGCGGGTTGGTCAGGGTGTAGGTGTTGGCCAGTACGAT,S_enterica_TCS4
TTTAAATTGGTTTCGTTGGCATTCCTATGGGGGACTCAACGCCCTCTACGTAGGTGCCCTACTCGCAGTTCGCTGTTGGTCTATGCCATCTTGGGGCCGTGAGCCT,S_enterica_TCS5
GTGTGTATCGATGTGGAGTAATGAGCTTTTGGGAAATCCAAACATAAGCACCCCAAACAGCTATTGTTATATTTTTAAGCGAGATGTCAGCTACACTCTGCGTGTC,S_enterica_TCS_ttrSRRIG
AGGGGTCTTCTTGTGCAGGGTTTTAACGATTATATCGTTGTTATCGGATCGTGGGCACGCGTTTGGATAATTGTCGAGTTTACTGCGACGGGCCTCTTATGTTAAT,ynfE17
TGTGAATCGTTTTTTTTGGGCGATCCAGTAGGTATTTGGAAGCACGTTTGTAAATGTTGGTTTTCTCTCAGATCGATTTCTGCACTTTTGGTGCCAGGCTGCGGAT,ynfE17
CGCCTGTGCGAAGGGGAAGGTGTGAATCAAACCTGGAATGTAGCGAGTGGGAGGTTGTACGGCCTTAATAACGGGCGTAAGAGGTGCGCGCCCGTCATTTCTTGAG,ynfE15
TTTGGTTTATTGTGCCTATAAATTATTGGGTTCTATGCGTATCGTTGACTTTTGTTGGTAGTCGGAGTGATTGTGGGTTTGTAAGTAGGCATGAAGGATATACGGT,torC10
ATGATTAAACTTTGTTTTCTTCGATGTTGGGATGAAAGTTTGATGCTTGAATCTCACAGATGTGAGGTGCGAGTTTATATCGGGGCTGTTAGTTTTGTGGGGTCAG,torC10
GATAGTTTTGATTGACTTTAAGAGACGAAAGGTCTGGTAAACTGAAATATTCTAGGACGTTACTTTGCTTGCTGCCTTGATGTCCTTAGCGCGACTAGAGGTGAGG,torC10
ATTATACCAACTAGGTCATTCTTACAATTCTTGGATTGTTGGGTTTTCGGGTGTGACGTTGTGGAATAAAGTTGGCAGAAGAGGGTACAGGTAGGAATCTTTCTCT,hycAWT
GGTTACTATTGAATCTCATTTCGCCGGCGGGTATGACTTGTTGACGATCTAATTACGGGTAAGTAGTCCGCTGAATGTCGGGCTGAAAAATGTGTGTAGTGAGTAG,hycAWT
CCATCGGTTCGGTGTATAATGTAGCCTCCGCCCGGTGTTCCATAGGTGCACATCATATGCTGAGCCCGGGGTTTCAAGGTTAGGTTTCCAGGTTTGTTCTTAGTGC,hycAWT
CGGTCATATTCTTAACGTGCTTTTATTAGATACGACAGTTTGATTTGCTATGAAAATTCGGTCGTGCTGTCATGCTGGGAGTCTAGGAAGTACGTTTGGTTGCTTT,hycAWT
GGTGCGACGCGCATATTCTTATTGTTTCGCATATAAAGTTTTTACACGCCTTTATGTATCACTTCTCTTGGATGGGCAAGGGACTTAATCACAGAAAGTGTGAGTC,torCWT
GTATCGTGTTCGGCTTTAAATAATTCAGTAGTAAGATTATACAAATCGACTTCCGAGAAAGTATTATAATTCACTTGTTTTGTTGAATGTAGTGGGTAGGGTGTTC,torCWT
GTCGAGTGGGAGTCCGGGGAAGTGTTTGTTTGGGTAGATCGTGTTTTGGTTAGAGCTGTACCTCGTGCCGTTAGTTTCAGGCGGATCTCGGGTTTTGCTGATCGAG,torCWT
CTGTGTTTCTCTAGTTGTTAGTATCAATCTTTACGGTTACGTACCACCGTTAAAAGTAACGTCCCAAACCGGGTGGGCATTTCGTTTGTAGTGGCCTTCGATGTTC,fabRbc1
ATTATGAAATAGTAGCCAAGATTGTTTTTGTTGCGTTATTTCGCTTTCTGAAGTTTAAAACTTAATATGCTTTGGGTTCATTGGTTATGGGCACTTCGATAATCTG,fabRbc2
TAATTGTTTGTAGCTTTATGTAAGTTTATTTTGCTTAATTTTATCGTTATCACGGTGATTCTATCTGTTATTGGCTTGTTTGGCGTGATACTTTGCTAAGCGAGGT,fabRbc3
ATTCGAACTAGAGCAGGGCAGTACTTTGTAATTCGCCTAGAGCCCCTGTTTCGCTCTCAGTATAGGGTGTTGGGGTCACATGGTCAGGGCCGACGCCTGTTGTGGG,fabRbc4
GCTCGATCAGCTATTGAGGATTGTTTTTTGATTCTAATCAGAGAAGTTTATATCTGTCACTCGAAGGATGTTGTGGGGTCTTTATACGAGTGATTATTGGTTACAA,TetR
ATATGCGTAACTGTGGGTACGTCGAAAGCAAAACACGTCTCATCAGAATTGTTATTGCAAATAAGTATTTCGGGGTTTTGAGATTTAATCATATCTTTTTTAGGCG,TetR
AATGATCCTGAATGTGTCGTGCGCAATAAGAAGTCCGAGTCGTACGATTCGCTATTACTTCGCTCAAGTGTTTAATCGTAGGCGGAGTTCATAATAGCTTGTGTTG,TetR
CTCTAAGAATTTTTAGGCATGGTGGTTTCTAGGCGCATAAATGTTATACTAACTTGAGCCCTTATCATTCCATTAGCGGCTGACGCGGATAGGTGGTCTGTTTGAA,TetR
CTCCGTTAATGCGTCGGAATTGAATGACTCGGATTGTTGTTTTGGGGTGGGTTCAGCAGCGCCCAAGGGAGCGCGGGGAAACCGCAGGGACGGAAGTGGTGGTTTT,TetR
TTGTATTTTTTCATTGTCTCCTACATAGATTACGGACCGGTGCGTGGCTGGAGTCAAGATTCTATATGCGTCGGCTTAGTTTGCAATTTGAGGTTGTAGTGAACTT,TetR
ATAACGTTGGTTGTACATGTCTTATGGCGCCATTGTAGGTGCGTGTTCTGCGATTAAGGGGAATCGTAGATGGCGCGGGGGGAGACTGGTCCTAACGAACGGTTCA,TetR
TTCGCATGTTGAACTTACCTTGGCAGGGTGCTAGCTGGGTGGACCGTGGTGTGACGTGTTGTGAGGGGGTGAAGTGGCTAGGTGAGAAAGTCGGTGGTCTAGGGCG,TetR
GGGGAGATTTTCTATAATTGGGCTTTGAGTTAGGATGCATCTGGATGAGTTTTATGACTCGACGCGGGTCTATGTGTGTACTTTTTATTTGAATTCATCGCGTGGG,TetR
ATTATTGGGTTTGATGCGTCTACGTTGATGTTTGTAACATTCCCCTCGGTAGGGGCAGCGTCATGCCTAGCGTAGCGTCGTAAGCGCTGGCGCTCTTGTATTTGTT,TetR
TAAATGTGGTATTGAATGTTAGGTTGCGGCATGTTATGAGGGTGTTCTGAATGTACCAATAGGTATTGCGCGCACTAGATTGCTGGGGGGGTTGTGGTACGTGTTC,TetR
GGTTTGAGGGTGCATATCCGGATCGGGCACCTATTGATGGGTGGTCAGTCGATTGGTGTGTTGACGTGTGAAGTGTGTCGTTTCACGGACGTGACTGTAGGTTGGT,TetR
TTGCTAAATGTTGGGTCTTGTTGAAGTAGGATTGTTGTAAAAACGTTGCGACATTGACCTTAAGGGTTTCTAGTATGGCAAAGCCGAGGGATCGGGAGATTACCTT,TetR
AGGCATGTTACATTTTTTCCGTGTGAGTGGCCTCCAAAACCGCTGATCATACTGCTCTATGTTGCCTGCCTTGTAGACAATTTGGATATTAGTGGAGTCATTTTCT,FusKR
TATGATTAAAAGTTCCAAATACCCAACAGTGGTTGGGAGTATTAGGAAAGCTATAAATTAGGGGTTATGTTCATGCTCCGGTATACTTTGTAACGGTAAGTTGAGG,FusKR
GAGAAAGTTGATAGTAAGACCCCTACTTTGGCTGGGGTTTTGAATGTTTGGGTCCATATGTAGTTACGCTAGCACTTGTTTGGAGTCCCTAGTTCTCTGGGTAGTA,FusKR
TTTGTTTTGCCTCGTATAGTGCCTTCGAGATGTACTTTACAGTAATAATTAGGGCGTGGATGGGAATTAGTGGTTCTTTTGCCGGTTTGGTAAAGGGACTCGGATC,FusKR
TGATTCCTCCTTTGGTTGCTTTATATTTAATCGCCTTATTAAGTTTTTCTCGCTTAGATTTGCGGCAGTCAATGCTGAGTCTGACTCGTGGCTGCGTGGTAGTAAT,FusKR
GTTTATTTAGAGGTCTGTTATTATGTGAAGACCTTTTCGCGAAAAGGAATACGGAAGCAAACGTTGGGCTGTGTTTAACACTCTCCAGGTGGTACGTGGCCAGGGC,FusKR
ACAAGGGGATGATCACGTATATTACATCTTAATGTTATCTCGAGGTGGGACTTGTAATAGGTGTCGATGTGATGAAGCATTGGTAGTATTTAGCTGAGTTTGCCAA,FusKR
TAGATGGGGTCTGTCTGTTAAGGTTCGGATCACTTTACGGGGATGTCGGCGATGGAAGTTGCAACCTGGTAATTCTGTTTCGTTGGGCTGTAGCAGAAGAGGTAGA,FusKR
TTTTGAGCCGTCGTTACATTTGTTAAGGGTGCATGCAAAAGTGTAACCCAGGGCATCAATTAGAGGCTGTGTGGGGGGTTCGTCTTGTGCGTAAGCTGAAAGGTGT,FusKR
CCCGATTTATGCTAATTTTATTTGGTAGCTCGTGCTGCGTTTATTAGGTGTTGGTTGGGTAAGGGCCCAGAGGAAATGGGTCTGGTTCCGCGTTTCACCTGTCTGT,FusKR
GGGTTCGTATATTTAAGCGTAGAGCTGTAATCGTTTAAGTTGAGTAATATTGGGGCATGGCTATACTGGCAGATTGAGAAGGCTGTTCCGGATGGGAGGGAGGAGT,FusKR
TGGGGGTGTTTTTTTCCGAGTATACTTTCCCCGGATGCCCTTTTAGGTTTTACAGTACTGTCTTCTCTTTCTTTCCCAATCGGGTGGTTCAGGAGCGGTTACAAGG,FusKR
TCAAATGAGCTTTAATGTTATGTATCGTGAGTTTGTATATGTCATACTTGATGTTTGAACCTAGTCAGGATGTGTGTTGATAGTTGATATCGATCCATGGTGATTG,yeaRWT
ACTGTTGTGTTACCGTTACATTTATGTTCTCATTTGAATACGATGTAATGGTCATATTTCGGTTATAAATCTTAGTTTTAGGATAACCATGCACTGCGTAGGTACG,yeaRWT
CTCCTGATAATAGGAACTTCGCTCGAGAATTGCGTTCGGGATAGCCCCACGGCCGGTGGGCTCGGCTTGACGGTAATGCTAGTGGAGCCGGGGTGGAGGTGGGTGG,yeaRWT
TATTTATCTGAGGCGCTATGTTGGTGGACACAGATGGAGTGCCCGGTGTTTTTTTTAGCGGACACTCGGGATTGTCCTGGAGCTGTTAGGAGTGGCTGCGATGTCC,yeaRWT
GATGGTGTAACATGGGGGGTGTGTATGATAGGTCTTAGGGTCTATCCTACGAGGGGAGCAAACCCGCGGTTAGTGCGCTTAGTAAGATGGCTTTATTTCGGTTTGN,yeaRWT
GGAACGGCGATGTCGGTTGATCCCGTCTAACTTTTGTTGCATCTTAACAATTAGAAATCTGTGTCAATAAAATTTGCGTTGATTCCTTACTTCGTTCTGGCATGTG,yeaRWT
TTTCACCATATAGATGTGAAATCCTCGTCGTATCTCTTTATGAATTCTCCCTTTGAAAAGGAGTTTCCTTACTTTTATGCGTTTTTGGTAGCGGTCGGGCGGTCAT,yeaRWT
TTTGTAGTGTTCTTCAGGAGAATTAAATGGTTCTATCTTCGGACTTGTTGCTCAGGGCAAAATGTCGGTATTGTTATGGACCAATGGGGTGCTAATTTACTCAGTA,yeaRWT
TAAGGCTATTGTTAGTTTTGTAGTGATTTGTCACTTTCTTAAAACTGTATTTGTATTTTACTATAGTATGCGAAAAGCCGTAGACGCAGCAAGTGTGTCTTGGTGG,yeaRWT
AGTTGTTATTGCTCTTATGTGTTGGTTCTTCCTTATTTTCTAATAGGTTCCACATGGTCTTGTTGGAATGGTACAGCCCCTGTGGTGCACCGGGTTGGAGGGCCGG,yeaRWT
GTTTAGTTGAGAGCAAACTGTTAATCTAATTGGGTTAGTTTTTTGTTACGTGGTGTATGTAATAACTGGCTTGGCAGTTATTAGTGGCTAGAATGGTTGGTTGCTN,yeaRWT
TATTACGGTCGAATCTGGGGTTTTGGTGGGTTTATGCTATATCAGGGATCAAAAGTTTGTCGTTTCGTTCAATATTCGGATTGGGAATCTGAATTTTTTGATGGTT,yeaRWT